inventory_code;inventory_pool;serial_number;model_name;Kat1;Kat2;Kat3
AVZ14950;AV-Ausleihe;HL471 9652 27;Akkuleuchte Photon Beard Hyperlight 471;Akkulicht;;
AVZ15229;AV-Ausleihe;HL471 9013 32;Akkuleuchte Photon Beard Hyperlight 471;Akkulicht;;
AVZ13777;AV-Ausleihe;XE940117;Aktivlautsprecher Anchor Explorer PA-2500;Lautsprecher Aktiv;;
AVZ13778;AV-Ausleihe;XE940135;Aktivlautsprecher Anchor Explorer PA-2500;Lautsprecher Aktiv;;
AVZ13026;AV-Ausleihe;--;Aktivlautsprecher db L160;Lautsprecher Aktiv;;
AVZ13027;AV-Ausleihe;--;Aktivlautsprecher db L160;Lautsprecher Aktiv;;
AVZ12179;AV-Ausleihe;662246;Aktivlautsprecher Fostex 6301B (Paar);Lautsprecher Aktiv;;
AVZ13117;AV-Ausleihe;6016275;Aktivlautsprecher Genelec 8020A;Lautsprecher Aktiv;;
AVZ13118;AV-Ausleihe;6016267;Aktivlautsprecher Genelec 8020A;Lautsprecher Aktiv;;
AVZ13119;AV-Ausleihe;6016251;Aktivlautsprecher Genelec 8020A;Lautsprecher Aktiv;;
AVZ13120;AV-Ausleihe;6016250;Aktivlautsprecher Genelec 8020A;Lautsprecher Aktiv;;
AVZ13121;AV-Ausleihe;6016281;Aktivlautsprecher Genelec 8020A;Lautsprecher Aktiv;;
AVZ13122;AV-Ausleihe;6016273;Aktivlautsprecher Genelec 8020A;Lautsprecher Aktiv;;
AVZ15192;AV-Ausleihe;6028429;Aktivlautsprecher Genelec 8020A;Lautsprecher Aktiv;;
AVZ15193;AV-Ausleihe;6028407;Aktivlautsprecher Genelec 8020A;Lautsprecher Aktiv;;
AVZ15194;AV-Ausleihe;6028408;Aktivlautsprecher Genelec 8020A;Lautsprecher Aktiv
AVZ15195;AV-Ausleihe;6028412;Aktivlautsprecher Genelec 8020A;Lautsprecher Aktiv
AVZ15196;AV-Ausleihe;6028339;Aktivlautsprecher Genelec 8020A;Lautsprecher Aktiv
AVZ15197;AV-Ausleihe;6028414;Aktivlautsprecher Genelec 8020A;Lautsprecher Aktiv
AVZ15198;AV-Ausleihe;6028405;Aktivlautsprecher Genelec 8020A;Lautsprecher Aktiv
AVZ15199;AV-Ausleihe;6028420;Aktivlautsprecher Genelec 8020A;Lautsprecher Aktiv
AVZ15200;AV-Ausleihe;6028421;Aktivlautsprecher Genelec 8020A;Lautsprecher Aktiv
AVZ15201;AV-Ausleihe;6028428;Aktivlautsprecher Genelec 8020A;Lautsprecher Aktiv
AVZ20597;AV-Ausleihe;8020A PM6057934;Aktivlautsprecher Genelec 8020A inkl. Manfrotto Stativ 229B;Lautsprecher Aktiv
AVZ13762;AV-Ausleihe;GK2784;Aktivlautsprecher Laney CPC10;Lautsprecher Aktiv
AVZ13763;AV-Ausleihe;GK2785;Aktivlautsprecher Laney CPC10;Lautsprecher Aktiv
AVZ16649;AV-Ausleihe;132A067B28683;Aktivlautsprecher M-Audio Studiophile AV40;Lautsprecher Aktiv
AVZ16652;AV-Ausleihe;132A067B28667;Aktivlautsprecher M-Audio Studiophile AV40;Lautsprecher Aktiv
AVZ16653;AV-Ausleihe;132A067B28431;Aktivlautsprecher M-Audio Studiophile AV40;Lautsprecher Aktiv
AVZ16654;AV-Ausleihe;132A067B28666;Aktivlautsprecher M-Audio Studiophile AV40;Lautsprecher Aktiv
AVZ16656;AV-Ausleihe;132A067B28430;Aktivlautsprecher M-Audio Studiophile AV40;Lautsprecher Aktiv
AVZ16657;AV-Ausleihe;132A074310676;Aktivlautsprecher M-Audio Studiophile AV40;Lautsprecher Aktiv
AVZ15342;AV-Ausleihe;6A5A000787E;Aktivlautsprecher Samson Rubicon R6A;Lautsprecher Aktiv
AVZ15343;AV-Ausleihe;6A5A000788E;Aktivlautsprecher Samson Rubicon R6A;Lautsprecher Aktiv
AVZ522;AV-Ausleihe;18507;Aktivlautsprecher Sony SRS-Z750;Lautsprecher Aktiv
AVZ523;AV-Ausleihe;18526;Aktivlautsprecher Sony SRS-Z750;Lautsprecher Aktiv
AVZ524;AV-Ausleihe;18544;Aktivlautsprecher Sony SRS-Z750;Lautsprecher Aktiv
AVZ525;AV-Ausleihe;18529;Aktivlautsprecher Sony SRS-Z750;Lautsprecher Aktiv
AVZ14507;AV-Ausleihe;---;Ansteckmikrophon AT ATM15a;Mikrophone Drahtlos
AVZ14508;AV-Ausleihe;---;Ansteckmikrophon AT ATM15a;Mikrophone Drahtlos
AVZ16208;AV-Ausleihe;S0704716555;Audio-Mischpult Behringer Xenyx 1204;Mixer Audio
AVZ25019;AV-Ausleihe;S0828049554;Audio-Mischpult Behringer Xenyx 1204 FX;Mixer Audio
AVZ25020;AV-Ausleihe;S0828053554;Audio-Mischpult Behringer Xenyx 1204 FX;Mixer Audio
AVZ25021;AV-Ausleihe;S0903800554;Audio-Mischpult Behringer Xenyx 1204 FX;Mixer Audio
AVZ15813;AV-Ausleihe;DN27125;Audio-Mischpult Mackie 1642 VLZ-Pro Mixer;Mixer Audio
AVZ15714;AV-Ausleihe;C50300042;Audio-Mischpult Mc CRYPT 2-Kanal;Mixer Audio
AVZ15924;AV-Ausleihe;4750768;Audio-Mixer Monacor MMX-8 - 4-Kanal;Mixer Audio
AVZ20860;AV-Ausleihe;ARE08070886B;Audiointerface Digidesign MBOX2 Micro ;audio interface
AVZ20861;AV-Ausleihe;ARE08071348B;Audiointerface Digidesign MBOX2 Micro ;audio interface
AVZ20862;AV-Ausleihe;ARE08070882B;Audiointerface Digidesign MBOX2 Micro ;audio interface
AVZ20863;AV-Ausleihe;ARE08060213B;Audiointerface Digidesign MBOX2 Micro ;audio interface
AVZ20864;AV-Ausleihe;ARE08070887B;Audiointerface Digidesign MBOX2 Micro ;audio interface
AVZ20865;AV-Ausleihe;ARE08070888B;Audiointerface Digidesign MBOX2 Micro ;audio interface
AVZ20866;AV-Ausleihe;ARE08070883B;Audiointerface Digidesign MBOX2 Micro ;audio interface
AVZ20867;AV-Ausleihe;ARE08071347B;Audiointerface Digidesign MBOX2 Micro ;audio interface
AVZ20868;AV-Ausleihe;ARE08072353B;Audiointerface Digidesign MBOX2 Micro ;audio interface
AVZ20869;AV-Ausleihe;ARE08072359B;Audiointerface Digidesign MBOX2 Micro ;audio interface
AVZ16585;AV-Ausleihe;EYJ5501001731005EC5910;Beamer Acer P5270;beamer
AVZ16586;AV-Ausleihe;EYJ55010018090052E5910;Beamer Acer P5270;beamer
AVZ20423;AV-Ausleihe;EYJ5501001828015B15911;Beamer Acer P5270;beamer
AVZ15377;AV-Ausleihe;7.06004E+11;Beamer Acer PD527W;beamer
AVZ15378;AV-Ausleihe;7.06004E+11;Beamer Acer PD527W;beamer
AVZ15380;AV-Ausleihe;706004D25910;Beamer Acer PD527W;beamer
AVZ15382;AV-Ausleihe;706004AE5910;Beamer Acer PD527W;beamer
AVZ15383;AV-Ausleihe;706004D15910;Beamer Acer PD527W;beamer
AVZ15384;AV-Ausleihe;706004FE5910;Beamer Acer PD527W;beamer
AVZ15386;AV-Ausleihe;7.06005E+11;Beamer Acer PD527W;beamer
AVZ15390;AV-Ausleihe;706004AF5910;Beamer Acer PD527W;beamer
AVZ15391;AV-Ausleihe;706004C75910;Beamer Acer PD527W;beamer
AVZ15393;AV-Ausleihe;1.7977E+308;Beamer Acer PD527W;beamer
AVZ15394;AV-Ausleihe;7.06005E+11;Beamer Acer PD527W;beamer
AVZ15395;AV-Ausleihe;7.06005E+11;Beamer Acer PD527W;beamer
AVZ15396;AV-Ausleihe;1.7977E+308;Beamer Acer PD527W;beamer
AVZ15399;AV-Ausleihe;7.02009E+11;Beamer Acer PD527W;beamer
AVZ15400;AV-Ausleihe;7.02009E+11;Beamer Acer PD527W;beamer
AVZ15401;AV-Ausleihe;706004BF5910;Beamer Acer PD527W;beamer
AVZ15402;AV-Ausleihe;1.7977E+308;Beamer Acer PD527W;beamer
AVZ15403;AV-Ausleihe;7.02009E+11;Beamer Acer PD527W;beamer
AVZ15416;AV-Ausleihe;PDWC600221TV0;Beamer BenQ CP-220;beamer
AVZ11264;AV-Ausleihe;99J2277B3141900530H;Beamer BenQ PB2220;beamer
AVZ12309;AV-Ausleihe;99J9377B9150200052H;Beamer BenQ PB2240;beamer
AVZ12310;AV-Ausleihe;99J9377B9144600535H;Beamer BenQ PB2240;beamer
AVZ13403;AV-Ausleihe;*CP-X985W* *G1E000606*;Beamer Hitachi CP-X985W;beamer
AVZ10839;AV-Ausleihe;36A0021NK;Beamer NEC GT1150;beamer
AVZ12221;AV-Ausleihe;5340471fc;Beamer NEC LT 245;beamer
AVZ12222;AV-Ausleihe;5140109fb;Beamer NEC LT 245;beamer
AVZ12224;AV-Ausleihe;5340457fc;Beamer NEC LT 245;beamer
AVZ12225;AV-Ausleihe;5340503fc;Beamer NEC LT 245;beamer
AVZ12312;AV-Ausleihe;5940421EM;Beamer NEC LT 245;beamer
AVZ12313;AV-Ausleihe;5540270EG;Beamer NEC LT 245;beamer
AVZ12343;AV-Ausleihe;5340706FC;Beamer NEC LT 245;beamer
AVZ12508;AV-Ausleihe;5940706EM;Beamer NEC LT 245;beamer
AVZ12509;AV-Ausleihe;5940710EM;Beamer NEC LT 245;beamer
AVZ12936;AV-Ausleihe;5X 40952EM;Beamer NEC LT 245;beamer
AVZ13366;AV-Ausleihe;5X 41030EM;Beamer NEC LT 245;beamer
AVZ13367;AV-Ausleihe;5X 40948EM;Beamer NEC LT 245;beamer
AVZ13368;AV-Ausleihe;5X 41028EM;Beamer NEC LT 245;beamer
AVZ13369;AV-Ausleihe;5X 40949EM;Beamer NEC LT 245;beamer
AVZ13370;AV-Ausleihe;5X 40934EM;Beamer NEC LT 245;beamer
AVZ13371;AV-Ausleihe;5X 41029EM;Beamer NEC LT 245;beamer
AVZ13380;AV-Ausleihe;5X 41006EM;Beamer NEC LT 245;beamer
AVZ15306;AV-Ausleihe;SG6610136R;Beamer Panasonic PT-AE1000E;beamer
AVZ15307;AV-Ausleihe;SG6610191R;Beamer Panasonic PT-AE1000E;beamer
AVZ16812;AV-Ausleihe;SG8230085;Beamer Panasonic PT-AE2000E;beamer
AVZ20270;AV-Ausleihe;102311193;Beamer Sharp XG-V10XE;beamer
AVZ20271;AV-Ausleihe;107311344;Beamer Sharp XG-V10XE;beamer
AVZ20741;AV-Ausleihe;keine;Beamerhalterung  Manfrotto Kugelgelenk (Big) und Clamp ;beamerzubehör
AVZ16106;AV-Ausleihe;C0394930;Beamerhalterung  Manfrotto Kugelgelenk und Clamp;beamerzubehör
AVZ16107;AV-Ausleihe;C0394900;Beamerhalterung  Manfrotto Kugelgelenk und Clamp;beamerzubehör
AVZ16108;AV-Ausleihe;C0683057;Beamerhalterung  Manfrotto Kugelgelenk und Clamp;beamerzubehör
AVZ20735;AV-Ausleihe;keine;Beamerhalterung  Manfrotto Kugelgelenk und Clamp;beamerzubehör
AVZ20736;AV-Ausleihe;keine;Beamerhalterung  Manfrotto Kugelgelenk und Clamp;beamerzubehör
AVZ20737;AV-Ausleihe;keine;Beamerhalterung  Manfrotto Kugelgelenk und Clamp;beamerzubehör
AVZ20738;AV-Ausleihe;keine;Beamerhalterung  Manfrotto Kugelgelenk und Clamp;beamerzubehör
AVZ20739;AV-Ausleihe;keine;Beamerhalterung  Manfrotto Kugelgelenk und Clamp;beamerzubehör
AVZ20740;AV-Ausleihe;keine;Beamerhalterung  Manfrotto Kugelgelenk und Clamp;beamerzubehör
AVZ15848;AV-Ausleihe;keine;Beamerhalterung Manfrotto Kugelgelenk und Clamp mit Alugrundplatte;beamerzubehör
AVZ15849;AV-Ausleihe;keine;Beamerhalterung Manfrotto Kugelgelenk und Clamp mit Alugrundplatte;beamerzubehör
AVZ15852;AV-Ausleihe;keine;Beamerhalterung Manfrotto Kugelgelenk und Clamp mit Alugrundplatte;beamerzubehör
AVZ15853;AV-Ausleihe;keine;Beamerhalterung Manfrotto Kugelgelenk und Clamp mit Alugrundplatte;beamerzubehör
AVZ15854;AV-Ausleihe;keine;Beamerhalterung Manfrotto Kugelgelenk und Clamp mit Alugrundplatte;beamerzubehör
AVZ16055;AV-Ausleihe;S0110096406;Blu-ray Disc Player Sony BDP-S300;BluRay Player / Recorder
AVZ13394;AV-Ausleihe;6030110080;CD-Player Denon DCD-485;Nichtportable Audio Recorder/Player
AVZ13395;AV-Ausleihe;6030110091;CD-Player Denon DCD-485;Nichtportable Audio Recorder/Player
AVZ13396;AV-Ausleihe;6030110090;CD-Player Denon DCD-485;Nichtportable Audio Recorder/Player
AVZ13397;AV-Ausleihe;6040110882;CD-Player Denon DCD-485;Nichtportable Audio Recorder/Player
AVZ15815;AV-Ausleihe;501481;CD-Player Sony CDP-D11;Nichtportable Audio Recorder/Player
AVZ12988;AV-Ausleihe;7773;CD-Player TEAC CD-P1100;Nichtportable Audio Recorder/Player
AVZ12989;AV-Ausleihe;7719972;CD-Player TEAC CD-P1100;Nichtportable Audio Recorder/Player
AVZ12990;AV-Ausleihe;7799972;CD-Player TEAC CD-P1100;Nichtportable Audio Recorder/Player
AVZ12999;AV-Ausleihe;7738972;CD-Player TEAC CD-P1100;Nichtportable Audio Recorder/Player
AVZ13485;AV-Ausleihe;7713972;CD-Player TEAC CD-P1100;Nichtportable Audio Recorder/Player
AVZ13802;AV-Ausleihe;7771 972;CD-Player TEAC CD-P1100;Nichtportable Audio Recorder/Player
AVZ13803;AV-Ausleihe;7752 972;CD-Player TEAC CD-P1100;Nichtportable Audio Recorder/Player
AVZ12992;AV-Ausleihe;0AB2209281;CD-Player TEAC CD-P1250;Nichtportable Audio Recorder/Player
AVZ12993;AV-Ausleihe;0AB1905122;CD-Player TEAC CD-P1250;Nichtportable Audio Recorder/Player
AVZ12994;AV-Ausleihe;0AB2209290;CD-Player TEAC CD-P1250;Nichtportable Audio Recorder/Player
AVZ12995;AV-Ausleihe;0AB1905267;CD-Player TEAC CD-P1250;Nichtportable Audio Recorder/Player
AVZ12996;AV-Ausleihe;0AB2209308;CD-Player TEAC CD-P1250;Nichtportable Audio Recorder/Player
AVZ12997;AV-Ausleihe;7763;CD-Player TEAC CD-P1250;Nichtportable Audio Recorder/Player
AVZ12998;AV-Ausleihe;7738972;CD-Player TEAC CD-P1250;Nichtportable Audio Recorder/Player
AVZ13000;AV-Ausleihe;1AA0Y253500;CD-Player TEAC CD-P1820;Nichtportable Audio Recorder/Player
AVZ13484;AV-Ausleihe;VT3DA09555;CD-Player Technics SL-PG370A;Nichtportable Audio Recorder/Player
AVZ15821;AV-Ausleihe;2;Delay BSS FDS 334 T;Audio Effekte & Delay
AVZ14447;AV-Ausleihe;7094;Diaprojektor 60 x 60 Liesegang Fantax 600;Diaprojektoren
AVZ14450;AV-Ausleihe;5871;Diaprojektor 60 x 60 Liesegang Fantax 600;Diaprojektoren
AVZ14584;AV-Ausleihe;551491;Diaprojektor Elmo 253 AF;Diaprojektoren
AVZ14585;AV-Ausleihe;551487;Diaprojektor Elmo 253 AF;Diaprojektoren
AVZ14586;AV-Ausleihe;551489;Diaprojektor Elmo 253 AF;Diaprojektoren
AVZ14587;AV-Ausleihe;551492;Diaprojektor Elmo 253 AF;Diaprojektoren
AVZ14589;AV-Ausleihe;553200;Diaprojektor Elmo 253 AF;Diaprojektoren
AVZ14477;AV-Ausleihe;1080293;Diaprojektor Kodak 2050;Diaprojektoren
AVZ14478;AV-Ausleihe;922662;Diaprojektor Kodak 2050;Diaprojektoren
AVZ14479;AV-Ausleihe;922799;Diaprojektor Kodak 2050;Diaprojektoren
AVZ14480;AV-Ausleihe;1080380;Diaprojektor Kodak 2050;Diaprojektoren
AVZ14481;AV-Ausleihe;1080551;Diaprojektor Kodak 2050;Diaprojektoren
AVZ14581;AV-Ausleihe;922697;Diaprojektor Kodak 2050;Diaprojektoren
AVZ14582;AV-Ausleihe;1080572;Diaprojektor Kodak 2050;Diaprojektoren
AVZ14469;AV-Ausleihe;137776 4020;Diaprojektor Kodak Ektapro 4020;Diaprojektoren
AVZ14578;AV-Ausleihe;1374194020;Diaprojektor Kodak Ektapro 4020;Diaprojektoren
AVZ14579;AV-Ausleihe;1474474020;Diaprojektor Kodak Ektapro 4020;Diaprojektoren
AVZ14580;AV-Ausleihe;1374224020;Diaprojektor Kodak Ektapro 4020;Diaprojektoren
AVZ14459;AV-Ausleihe;9021 5000;Diaprojektor Kodak Ektapro 5000;Diaprojektoren
AVZ14454;AV-Ausleihe;147401 5020;Diaprojektor Kodak Ektapro 5020;Diaprojektoren
AVZ14455;AV-Ausleihe;148395 5020;Diaprojektor Kodak Ektapro 5020;Diaprojektoren
AVZ14456;AV-Ausleihe;147374 5020;Diaprojektor Kodak Ektapro 5020;Diaprojektoren
AVZ14457;AV-Ausleihe;148394 5020;Diaprojektor Kodak Ektapro 5020;Diaprojektoren
AVZ14461;AV-Ausleihe;111046 9010;Diaprojektor Kodak Ektapro 9010;Diaprojektoren
AVZ14462;AV-Ausleihe;100254 9010;Diaprojektor Kodak Ektapro 9010;Diaprojektoren
AVZ14463;AV-Ausleihe;111031 9010;Diaprojektor Kodak Ektapro 9010;Diaprojektoren
AVZ14464;AV-Ausleihe;931369 9010;Diaprojektor Kodak Ektapro 9010;Diaprojektoren
AVZ14465;AV-Ausleihe;100288 9010;Diaprojektor Kodak Ektapro 9010;Diaprojektoren
AVZ14466;AV-Ausleihe;156569 9020;Diaprojektor Kodak Ektapro 9020;Diaprojektoren
AVZ14467;AV-Ausleihe;156954 9020;Diaprojektor Kodak Ektapro 9020;Diaprojektoren
AVZ14468;AV-Ausleihe;157204 9020;Diaprojektor Kodak Ektapro 9020;Diaprojektoren
AVZ20813;AV-Ausleihe;622041;Diaprojektor Leica Pradovit P600 IR 296;Diaprojektoren
AVZ14448;AV-Ausleihe;191691;Diaprojektor Leitz Pradovit P2002;Diaprojektoren
AVZ13350;AV-Ausleihe;4079233;Digital Fotokamera Nikon D 200;Spiegelreflex Digitalkamera
AVZ15241;AV-Ausleihe;4181977;Digital Fotokamera Nikon D 200 (18-70mm);Spiegelreflex Digitalkamera
AVZ15242;AV-Ausleihe;4180140;Digital Fotokamera Nikon D 200 (18-70mm);Spiegelreflex Digitalkamera
AVZ16759;AV-Ausleihe;2061150;Digital Fotokamera Nikon D 3;Spiegelreflex Digitalkamera
AVZ14893;AV-Ausleihe;6099642;Digital Fotokamera Nikon D 40;Spiegelreflex Digitalkamera
AVZ16084;AV-Ausleihe;6343212;Digital Fotokamera Nikon D 40;Spiegelreflex Digitalkamera
AVZ16085;AV-Ausleihe;6336292;Digital Fotokamera Nikon D 40;Spiegelreflex Digitalkamera
AVZ16086;AV-Ausleihe;6343218;Digital Fotokamera Nikon D 40;Spiegelreflex Digitalkamera
AVZ16087;AV-Ausleihe;6335879;Digital Fotokamera Nikon D 40;Spiegelreflex Digitalkamera
AVZ16088;AV-Ausleihe;6335872;Digital Fotokamera Nikon D 40;Spiegelreflex Digitalkamera
AVZ16089;AV-Ausleihe;6335880;Digital Fotokamera Nikon D 40;Spiegelreflex Digitalkamera
AVZ16090;AV-Ausleihe;6343011;Digital Fotokamera Nikon D 40;Spiegelreflex Digitalkamera
AVZ16091;AV-Ausleihe;6335871;Digital Fotokamera Nikon D 40;Spiegelreflex Digitalkamera
AVZ16092;AV-Ausleihe;6336293;Digital Fotokamera Nikon D 40;Spiegelreflex Digitalkamera
AVZ16093;AV-Ausleihe;6343211;Digital Fotokamera Nikon D 40;Spiegelreflex Digitalkamera
AVZ16659;AV-Ausleihe;4425353;Digital Fotokamera Nikon D 80 (inkl. Nikkor AF-S DX Zoom 18-135mm);Spiegelreflex Digitalkamera
AVZ16660;AV-Ausleihe;4425813;Digital Fotokamera Nikon D 80 (inkl. Nikkor AF-S DX Zoom 18-135mm);Spiegelreflex Digitalkamera
AVZ16661;AV-Ausleihe;4425355;Digital Fotokamera Nikon D 80 (inkl. Nikkor AF-S DX Zoom 18-135mm);Spiegelreflex Digitalkamera
AVZ16662;AV-Ausleihe;4426060;Digital Fotokamera Nikon D 80 (inkl. Nikkor AF-S DX Zoom 18-135mm);Spiegelreflex Digitalkamera
AVZ16663;AV-Ausleihe;4425812;Digital Fotokamera Nikon D 80 (inkl. Nikkor AF-S DX Zoom 18-135mm);Spiegelreflex Digitalkamera
AVZ16664;AV-Ausleihe;4425558;Digital Fotokamera Nikon D 80 (inkl. Nikkor AF-S DX Zoom 18-135mm);Spiegelreflex Digitalkamera
AVZ16665;AV-Ausleihe;4425354;Digital Fotokamera Nikon D 80 (inkl. Nikkor AF-S DX Zoom 18-135mm);Spiegelreflex Digitalkamera
AVZ16666;AV-Ausleihe;4425811;Digital Fotokamera Nikon D 80 (inkl. Nikkor AF-S DX Zoom 18-135mm);Spiegelreflex Digitalkamera
AVZ16667;AV-Ausleihe;4425814;Digital Fotokamera Nikon D 80 (inkl. Nikkor AF-S DX Zoom 18-135mm);Spiegelreflex Digitalkamera
AVZ16668;AV-Ausleihe;4425356;Digital Fotokamera Nikon D 80 (inkl. Nikkor AF-S DX Zoom 18-135mm);Spiegelreflex Digitalkamera
AVZ14798;AV-Ausleihe;DV39661;Digitalrecorder Edirol R-09;Digital/Festspeicher Recorder portabel
AVZ15589;AV-Ausleihe;AT84742;Digitalrecorder Edirol R-1;Digital/Festspeicher Recorder portabel
AVZ14795;AV-Ausleihe;4062079000192 AU02-079X1;Digitalrecorder M-Audio Microtrack 24/96;Digital/Festspeicher Recorder portabel
AVZ15208;AV-Ausleihe;0172079003780 AU02-079X1;Digitalrecorder M-Audio Microtrack 24/96;Digital/Festspeicher Recorder portabel
AVZ15209;AV-Ausleihe;0172079003781 AU02-079X1;Digitalrecorder M-Audio Microtrack 24/96;Digital/Festspeicher Recorder portabel
AVZ15222;AV-Ausleihe;0172079003788 AU02-079X1;Digitalrecorder M-Audio Microtrack 24/96;Digital/Festspeicher Recorder portabel
AVZ15223;AV-Ausleihe;0172079003517 AU02-079X1;Digitalrecorder M-Audio Microtrack 24/96;Digital/Festspeicher Recorder portabel
AVZ15224;AV-Ausleihe;0172079003720 AU02-079X1;Digitalrecorder M-Audio Microtrack 24/96;Digital/Festspeicher Recorder portabel
AVZ15225;AV-Ausleihe;0172079003686 AU02-079X1;Digitalrecorder M-Audio Microtrack 24/96;Digital/Festspeicher Recorder portabel
AVZ15590;AV-Ausleihe;2.00106E+13;Digitalrecorder Marantz PMD660;Digital/Festspeicher Recorder portabel
AVZ16233;AV-Ausleihe;57434;Digitalrecorder Zoom H2;Digital/Festspeicher Recorder portabel
AVZ16234;AV-Ausleihe;57431;Digitalrecorder Zoom H2;Digital/Festspeicher Recorder portabel
AVZ16235;AV-Ausleihe;57432;Digitalrecorder Zoom H2;Digital/Festspeicher Recorder portabel
AVZ16237;AV-Ausleihe;58716;Digitalrecorder Zoom H2;Digital/Festspeicher Recorder portabel
AVZ16238;AV-Ausleihe;58717;Digitalrecorder Zoom H2;Digital/Festspeicher Recorder portabel
AVZ16239;AV-Ausleihe;58718;Digitalrecorder Zoom H2;Digital/Festspeicher Recorder portabel
AVZ16240;AV-Ausleihe;58720;Digitalrecorder Zoom H2;Digital/Festspeicher Recorder portabel
AVZ16241;AV-Ausleihe;57439;Digitalrecorder Zoom H2;Digital/Festspeicher Recorder portabel
AVZ16242;AV-Ausleihe;58719;Digitalrecorder Zoom H2;Digital/Festspeicher Recorder portabel
AVZ16310;AV-Ausleihe;57433;Digitalrecorder Zoom H2;Digital/Festspeicher Recorder portabel
AVZ16851;AV-Ausleihe;A86128481;Digitalrecorder Zoom H2;Digital/Festspeicher Recorder portabel
AVZ16852;AV-Ausleihe;A86128482;Digitalrecorder Zoom H2;Digital/Festspeicher Recorder portabel
AVZ16853;AV-Ausleihe;A86128483;Digitalrecorder Zoom H2;Digital/Festspeicher Recorder portabel
AVZ16854;AV-Ausleihe;A86128484;Digitalrecorder Zoom H2;Digital/Festspeicher Recorder portabel
AVZ16855;AV-Ausleihe;A86128485;Digitalrecorder Zoom H2;Digital/Festspeicher Recorder portabel
AVZ16857;AV-Ausleihe;A86128487;Digitalrecorder Zoom H2;Digital/Festspeicher Recorder portabel
AVZ16858;AV-Ausleihe;A86128488;Digitalrecorder Zoom H2;Digital/Festspeicher Recorder portabel
AVZ16859;AV-Ausleihe;A86128489;Digitalrecorder Zoom H2;Digital/Festspeicher Recorder portabel
AVZ16860;AV-Ausleihe;A86128490;Digitalrecorder Zoom H2;Digital/Festspeicher Recorder portabel
AVZ16882;AV-Ausleihe;A86115248;Digitalrecorder Zoom H2;Digital/Festspeicher Recorder portabel
AVZ16018;AV-Ausleihe;A80067678;Digitalrecorder Zoom H4;Digital/Festspeicher Recorder portabel
AVZ16019;AV-Ausleihe;A80067469;Digitalrecorder Zoom H4;Digital/Festspeicher Recorder portabel
AVZ16850;AV-Ausleihe;A80130600;Digitalrecorder Zoom H4;Digital/Festspeicher Recorder portabel
AVZ25029;AV-Ausleihe;A94021931;Digitalrecorder Zoom H4n;Digital/Festspeicher Recorder portabel
AVZ25030;AV-Ausleihe;A94021866;Digitalrecorder Zoom H4n;Digital/Festspeicher Recorder portabel
AVZ14900;AV-Ausleihe;SysID 4026687272 s/n F0025F28;Dongle Avid MC;AVID Dongles
AVZ14901;AV-Ausleihe;SysID 4026687644 s/n F002609C;Dongle Avid MC;AVID Dongles
AVZ11539;AV-Ausleihe;F4HL00657;DV-Kamera Panasonic GS 400;Videokameras SD Consumer
AVZ11540;AV-Ausleihe;F4HL00599;DV-Kamera Panasonic GS 400;Videokameras SD Consumer
AVZ11541;AV-Ausleihe;F4HC00987;DV-Kamera Panasonic GS 400;Videokameras SD Consumer
AVZ11543;AV-Ausleihe;F4HL00671;DV-Kamera Panasonic GS 400;Videokameras SD Consumer
AVZ11544;AV-Ausleihe;F4HL00688;DV-Kamera Panasonic GS 400;Videokameras SD Consumer
AVZ11545;AV-Ausleihe;F4HC01055;DV-Kamera Panasonic GS 400;Videokameras SD Consumer
AVZ11546;AV-Ausleihe;F4HC00658;DV-Kamera Panasonic GS 400;Videokameras SD Consumer
AVZ11547;AV-Ausleihe;F4HL00234;DV-Kamera Panasonic GS 400;Videokameras SD Consumer
AVZ11548;AV-Ausleihe;F4HC01043;DV-Kamera Panasonic GS 400;Videokameras SD Consumer
AVZ11549;AV-Ausleihe;F4HC01075;DV-Kamera Panasonic GS 400;Videokameras SD Consumer
AVZ11550;AV-Ausleihe;F4HC01044;DV-Kamera Panasonic GS 400;Videokameras SD Consumer
AVZ12097;AV-Ausleihe;F4HC01005;DV-Kamera Panasonic GS 400;Videokameras SD Consumer
AVZ12098;AV-Ausleihe;B5HC00147;DV-Kamera Panasonic GS 400;Videokameras SD Consumer
AVZ12099;AV-Ausleihe;B5HC00121;DV-Kamera Panasonic GS 400;Videokameras SD Consumer
AVZ12100;AV-Ausleihe;B5HC00088;DV-Kamera Panasonic GS 400;Videokameras SD Consumer
AVZ12101;AV-Ausleihe;F4HC01056;DV-Kamera Panasonic GS 400;Videokameras SD Consumer
AVZ10713;AV-Ausleihe;1078395;DV-Kamera Sony TRV 950;Videokameras SD Consumer
AVZ10714;AV-Ausleihe;1078374;DV-Kamera Sony TRV 950;Videokameras SD Consumer
AVZ10715;AV-Ausleihe;1078371;DV-Kamera Sony TRV 950;Videokameras SD Consumer
AVZ10729;AV-Ausleihe;1078510;DV-Kamera Sony TRV 950;Videokameras SD Consumer
AVZ16068;AV-Ausleihe;28413;DV-Kamera Sony VX 1000 E;Videokameras SD Prosumer
AVZ11855;AV-Ausleihe;1211658;DVCam-Kamera Sony 170P;Videokameras SD Prosumer
AVZ11856;AV-Ausleihe;1212539;DVCam-Kamera Sony 170P;Videokameras SD Prosumer
AVZ12548;AV-Ausleihe;1230978;DVCam-Kamera Sony 170P;Videokameras SD Prosumer
AVZ12549;AV-Ausleihe;1231544;DVCam-Kamera Sony 170P;Videokameras SD Prosumer
AVZ16578;AV-Ausleihe;1147139;DVD-Handycam Sony DCR-DVD110E;Videokameras SD Consumer
AVZ13476;AV-Ausleihe;VT 1LA006308;DVD-Player Panasonic DVD-RV31;DVD Player / Recorder
AVZ13477;AV-Ausleihe;VT1LA006326;DVD-Player Panasonic DVD-RV31;DVD Player / Recorder
AVZ13478;AV-Ausleihe;VT1LA006318;DVD-Player Panasonic DVD-RV31;DVD Player / Recorder
AVZ13479;AV-Ausleihe;KT1DA001398;DVD-Player Panasonic DVD-RV31;DVD Player / Recorder
AVZ13801;AV-Ausleihe;KT1DA001221;DVD-Player Panasonic DVD-RV31;DVD Player / Recorder
AVZ15965;AV-Ausleihe;VV3AC005221;DVD-Player Panasonic DVD-RV32;DVD Player / Recorder
AVZ15966;AV-Ausleihe;VV3AC004719;DVD-Player Panasonic DVD-RV32;DVD Player / Recorder
AVZ15419;AV-Ausleihe;VC7D001683;DVD-Player Panasonic DVD-S42;DVD Player / Recorder
AVZ15420;AV-Ausleihe;VC7D001638;DVD-Player Panasonic DVD-S42;DVD Player / Recorder
AVZ15421;AV-Ausleihe;VC7D001640;DVD-Player Panasonic DVD-S42;DVD Player / Recorder
AVZ15423;AV-Ausleihe;VC7D001625;DVD-Player Panasonic DVD-S42;DVD Player / Recorder
AVZ15425;AV-Ausleihe;VC7D001706;DVD-Player Panasonic DVD-S42;DVD Player / Recorder
AVZ15426;AV-Ausleihe;VC7D001686;DVD-Player Panasonic DVD-S42;DVD Player / Recorder
AVZ15427;AV-Ausleihe;VC7D001689;DVD-Player Panasonic DVD-S42;DVD Player / Recorder
AVZ15428;AV-Ausleihe;VC7D001622;DVD-Player Panasonic DVD-S42;DVD Player / Recorder
AVZ15429;AV-Ausleihe;VC7D001624;DVD-Player Panasonic DVD-S42;DVD Player / Recorder
AVZ15430;AV-Ausleihe;VC7D001687;DVD-Player Panasonic DVD-S42;DVD Player / Recorder
AVZ15431;AV-Ausleihe;VC7D001627;DVD-Player Panasonic DVD-S42;DVD Player / Recorder
AVZ15432;AV-Ausleihe;VC7D001631;DVD-Player Panasonic DVD-S42;DVD Player / Recorder
AVZ15433;AV-Ausleihe;VC7D001637;DVD-Player Panasonic DVD-S42;DVD Player / Recorder
AVZ15434;AV-Ausleihe;VC7D002199;DVD-Player Panasonic DVD-S42;DVD Player / Recorder
AVZ15435;AV-Ausleihe;VC7D001639;DVD-Player Panasonic DVD-S42;DVD Player / Recorder
AVZ15437;AV-Ausleihe;VC7D001621;DVD-Player Panasonic DVD-S42;DVD Player / Recorder
AVZ15438;AV-Ausleihe;VC7D001690;DVD-Player Panasonic DVD-S42;DVD Player / Recorder
AVZ16686;AV-Ausleihe;VC7KD001233;DVD-Player Panasonic DVD-S42;DVD Player / Recorder
AVZ16687;AV-Ausleihe;VC7KD001207;DVD-Player Panasonic DVD-S42;DVD Player / Recorder
AVZ16688;AV-Ausleihe;VC7KD001244;DVD-Player Panasonic DVD-S42;DVD Player / Recorder
AVZ16689;AV-Ausleihe;VC7KD001211;DVD-Player Panasonic DVD-S42;DVD Player / Recorder
AVZ16690;AV-Ausleihe;VC7KD001209;DVD-Player Panasonic DVD-S42;DVD Player / Recorder
AVZ16691;AV-Ausleihe;VC7KD001213;DVD-Player Panasonic DVD-S42;DVD Player / Recorder
AVZ16692;AV-Ausleihe;VC7KD001241;DVD-Player Panasonic DVD-S42;DVD Player / Recorder
AVZ11651;AV-Ausleihe;VC4HD001706;DVD-Player Panasonic DVD-S47;DVD Player / Recorder
AVZ11652;AV-Ausleihe;VC4GD001126;DVD-Player Panasonic DVD-S47;DVD Player / Recorder
AVZ11653;AV-Ausleihe;VC4GD001739;DVD-Player Panasonic DVD-S47;DVD Player / Recorder
AVZ11657;AV-Ausleihe;VC4HD001266;DVD-Player Panasonic DVD-S47;DVD Player / Recorder
AVZ11660;AV-Ausleihe;VC4FD006866;DVD-Player Panasonic DVD-S47;DVD Player / Recorder
AVZ12081;AV-Ausleihe;VC4ID003162;DVD-Player Panasonic DVD-S47;DVD Player / Recorder
AVZ12082;AV-Ausleihe;VC4ID002572;DVD-Player Panasonic DVD-S47;DVD Player / Recorder
AVZ12087;AV-Ausleihe;VC4ID003157;DVD-Player Panasonic DVD-S47;DVD Player / Recorder
AVZ12090;AV-Ausleihe;VC4ID003164;DVD-Player Panasonic DVD-S47;DVD Player / Recorder
AVZ12262;AV-Ausleihe;VC4LE001073;DVD-Player Panasonic DVD-S47;DVD Player / Recorder
AVZ12264;AV-Ausleihe;VC4LE001289;DVD-Player Panasonic DVD-S47;DVD Player / Recorder
AVZ12268;AV-Ausleihe;VC4LE001266;DVD-Player Panasonic DVD-S47;DVD Player / Recorder
AVZ12275;AV-Ausleihe;VC4LE001256;DVD-Player Panasonic DVD-S47;DVD Player / Recorder
AVZ12276;AV-Ausleihe;VC4LE001033;DVD-Player Panasonic DVD-S47;DVD Player / Recorder
AVZ12280;AV-Ausleihe;VC4LE001071;DVD-Player Panasonic DVD-S47;DVD Player / Recorder
AVZ12281;AV-Ausleihe;VC4LE001257;DVD-Player Panasonic DVD-S47;DVD Player / Recorder
AVZ12282;AV-Ausleihe;VC4LE001037;DVD-Player Panasonic DVD-S47;DVD Player / Recorder
AVZ15660;AV-Ausleihe;VC4ED014977;DVD-Player Panasonic DVD-S47;DVD Player / Recorder
AVZ15672;AV-Ausleihe;VC4DD015099;DVD-Player Panasonic DVD-S47;DVD Player / Recorder
AVZ10760;AV-Ausleihe;VC3EA006015;DVD-Player Panasonic DVD-S75;DVD Player / Recorder
AVZ10761;AV-Ausleihe;VC3EA006012;DVD-Player Panasonic DVD-S75;DVD Player / Recorder
AVZ10762;AV-Ausleihe;VC3EA006117;DVD-Player Panasonic DVD-S75;DVD Player / Recorder
AVZ10764;AV-Ausleihe;VC3EA006120;DVD-Player Panasonic DVD-S75;DVD Player / Recorder
AVZ10765;AV-Ausleihe;VC3EA006218;DVD-Player Panasonic DVD-S75;DVD Player / Recorder
AVZ10766;AV-Ausleihe;VC3EA006016;DVD-Player Panasonic DVD-S75;DVD Player / Recorder
AVZ10767;AV-Ausleihe;VC3EA006221;DVD-Player Panasonic DVD-S75;DVD Player / Recorder
AVZ10768;AV-Ausleihe;VC3EA006028;DVD-Player Panasonic DVD-S75;DVD Player / Recorder
AVZ10769;AV-Ausleihe;VC3EA005375;DVD-Player Panasonic DVD-S75;DVD Player / Recorder
AVZ11266;AV-Ausleihe;VC4AB002450;DVD-Player Panasonic DVD-S75;DVD Player / Recorder
AVZ11267;AV-Ausleihe;VC4AB002246;DVD-Player Panasonic DVD-S75;DVD Player / Recorder
AVZ11269;AV-Ausleihe;VC4AB002230;DVD-Player Panasonic DVD-S75;DVD Player / Recorder
AVZ11270;AV-Ausleihe;VC4AB002220;DVD-Player Panasonic DVD-S75;DVD Player / Recorder
AVZ11271;AV-Ausleihe;VC4AB002218;DVD-Player Panasonic DVD-S75;DVD Player / Recorder
AVZ11272;AV-Ausleihe;VC4AB002447;DVD-Player Panasonic DVD-S75;DVD Player / Recorder
AVZ13404;AV-Ausleihe;FDKF0254471YY;DVD-Player Pioneer DV-393-s;DVD Player / Recorder
AVZ13405;AV-Ausleihe;FDKF025954YY;DVD-Player Pioneer DV-393-s;DVD Player / Recorder
AVZ13406;AV-Ausleihe;FDKD031047YY;DVD-Player Pioneer DV-393-s;DVD Player / Recorder
AVZ13407;AV-Ausleihe;FDKD029977Y;DVD-Player Pioneer DV-393-s;DVD Player / Recorder
AVZ13409;AV-Ausleihe;FDKD031015YY;DVD-Player Pioneer DV-393-s;DVD Player / Recorder
AVZ13410;AV-Ausleihe;FDKD031062YY;DVD-Player Pioneer DV-393-s;DVD Player / Recorder;
AVZ13411;AV-Ausleihe;FDKF025996YY;DVD-Player Pioneer DV-393-s;DVD Player / Recorder;
AVZ13412;AV-Ausleihe;FDKD027650YY;DVD-Player Pioneer DV-393-s;DVD Player / Recorder;
AVZ13413;AV-Ausleihe;FDKD031059YY;DVD-Player Pioneer DV-393-s;DVD Player / Recorder;
AVZ13414;AV-Ausleihe;FDKF025458YY;DVD-Player Pioneer DV-393-s;DVD Player / Recorder;
AVZ13415;AV-Ausleihe;FDKF025450YY;DVD-Player Pioneer DV-393-s;DVD Player / Recorder;
AVZ13416;AV-Ausleihe;FDKD029531YY;DVD-Player Pioneer DV-393-s;DVD Player / Recorder;
AVZ13417;AV-Ausleihe;FDKD028006YY;DVD-Player Pioneer DV-393-s;DVD Player / Recorder;
AVZ13418;AV-Ausleihe;FDKD029950YY;DVD-Player Pioneer DV-393-s;DVD Player / Recorder;
AVZ13419;AV-Ausleihe;FDKF025970YY;DVD-Player Pioneer DV-393-s;DVD Player / Recorder;
AVZ13421;AV-Ausleihe;FDKF025985YY;DVD-Player Pioneer DV-393-s;DVD Player / Recorder;
AVZ13422;AV-Ausleihe;FDKF025981YY;DVD-Player Pioneer DV-393-s;DVD Player / Recorder;
AVZ13423;AV-Ausleihe;FDKF020735YY;DVD-Player Pioneer DV-393-s;DVD Player / Recorder;
AVZ17120;AV-Ausleihe;A1780379AA20030;DVI Splitter 1 to 4 ATEN VS-164;Splitter;Video Interface
AVZ17121;AV-Ausleihe;O5620009AAV0041;DVI Splitter 1 to 4 ATEN VS-164;Splitter;Video Interface
AVZ12439;AV-Ausleihe;--;Einbeinstativ Cullmann;Stative Photo;
AVZ14616;AV-Ausleihe;601360;Episkop Eiki OP 1500;Episkope
AVZ14658;AV-Ausleihe;4212212;Episkop PLUS DP-10;Episkope
AVZ15820;AV-Ausleihe;6949;Equalizer DBX 215 Dual 15-Band;Audio Effekte & Delay
AVZ12436;AV-Ausleihe;--;Fahrspinne Cullman CT200 Dolly;Rollspinnen
AVZ12438;AV-Ausleihe;--;Fahrspinne Sachtler System 10;Rollspinnen
AVZ12437;AV-Ausleihe;--;Fahrspinne Velbon DL-7;Rollspinnen
AVZ25058;AV-Ausleihe;keine;Fahrspinne Vinten PD 114 ;Rollspinnen
AVZ25059;AV-Ausleihe;keine;Fahrspinne Vinten PD 114 ;Rollspinnen
AVZ25060;AV-Ausleihe;keine;Fahrspinne Vinten PD 114 ;Rollspinnen
AVZ25061;AV-Ausleihe;keine;Fahrspinne Vinten PD 114 ;Rollspinnen
AVZ12441;AV-Ausleihe;--;Filmleuchte Nigg Color-Variant 575;Leuchten Tageslicht
AVZ12442;AV-Ausleihe;--;Filmleuchte Nigg Color-Variant 575;Leuchten Tageslicht
AVZ14442;AV-Ausleihe;10279;Filmprojektor 16mm Eiki SL-AR2;Filmprojektor
AVZ14441;AV-Ausleihe;823-0517;Filmprojektor 16mm P7 universal;Filmprojektor
AVZ14440;AV-Ausleihe;249-6068;Filmprojektor Super8 Bauer T510;Filmprojektor
AVZ14439;AV-Ausleihe;730-1907;Filmprojektor Super8 Bauer T600;Filmprojektor
AVZ14438;AV-Ausleihe;2211;Filmprojektor Super8 Bauer Visalux;Filmprojektor
AVZ15243;AV-Ausleihe;2444422;Fotoblitz Nikon SB-600;Blitz / - Anlagen
AVZ15244;AV-Ausleihe;2444421;Fotoblitz Nikon SB-600;Blitz / - Anlagen
AVZ20714;AV-Ausleihe;2824379;Fotoblitz Nikon SB-600;Blitz / - Anlagen
AVZ13428;AV-Ausleihe;1;Funk-Mic.Strecke Shure U4D;Mikrophone Drahtlos
AVZ15810;AV-Ausleihe;606030710;Funk-Mic.Strecke Shure U4D;Mikrophone Drahtlos
AVZ15811;AV-Ausleihe;606030699;Funk-Mic.Strecke Shure U4D;Mikrophone Drahtlos
AVZ15812;AV-Ausleihe;606030712;Funk-Mic.Strecke Shure U4D;Mikrophone Drahtlos
AVZ16099;AV-Ausleihe;keine;Halter zu Reflektor Photoflex Lite Disk;Licht Zubehör
AVZ16100;AV-Ausleihe;keine;Halter zu Reflektor Photoflex Lite Disk;Licht Zubehör
AVZ12371;AV-Ausleihe;--;Handleuchte Lowel Omni-light;Leuchten Kunstlicht
AVZ12372;AV-Ausleihe;--;Handleuchte Supralux SF 1000 TV;Leuchten Kunstlicht
AVZ12373;AV-Ausleihe;--;Handleuchte Supralux SF 1000 TV;Leuchten Kunstlicht
AVZ12130;AV-Ausleihe;451405369;HD LaCie d2 Drive 250 GB;Externe Massenspeicher
AVZ12134;AV-Ausleihe;451504897;HD LaCie d2 Drive 250 GB;Externe Massenspeicher
AVZ15157;AV-Ausleihe;571500817;HD LaCie d2 Hard Drive Extreme 500 GB;Externe Massenspeicher
AVZ15158;AV-Ausleihe;571500839;HD LaCie d2 Hard Drive Extreme 500 GB;Externe Massenspeicher
AVZ15161;AV-Ausleihe;571500858;HD LaCie d2 Hard Drive Extreme 500 GB;Externe Massenspeicher
AVZ15164;AV-Ausleihe;580801239;HD LaCie d2 Hard Drive Extreme 500 GB;Externe Massenspeicher
AVZ15165;AV-Ausleihe;571500873;HD LaCie d2 Hard Drive Extreme 500 GB;Externe Massenspeicher
AVZ15168;AV-Ausleihe;581501719;HD LaCie d2 Hard Drive Extreme 500 GB;Externe Massenspeicher
AVZ16102;AV-Ausleihe;580701907;HD LaCie d2 Hard Drive Quadra 500 GB;Externe Massenspeicher
AVZ16103;AV-Ausleihe;574302892;HD LaCie d2 Hard Drive Quadra 500 GB;Externe Massenspeicher
AVZ12368;AV-Ausleihe;J022-01541;HD Sarotech 120GB;Externe Massenspeicher
AVZ12370;AV-Ausleihe;J022-01530;HD Sarotech 120GB;Externe Massenspeicher
AVZ12413;AV-Ausleihe;J022-01528;HD Sarotech 120GB;Externe Massenspeicher
AVZ12423;AV-Ausleihe;IBM A6C7BB1A;HD Sarotech 120GB;Externe Massenspeicher
AVZ20891;AV-Ausleihe;keine;HD SDI-Kabel auf Rolle 70m;Kabel Video
AVZ20892;AV-Ausleihe;keine;HD SDI-Kabel auf Rolle 70m;Kabel Video
AVZ20893;AV-Ausleihe;keine;HD SDI-Kabel auf Rolle 70m;Kabel Video
AVZ25024;AV-Ausleihe;LB0901600166;HD-Kamera PureDigital MinoHD  Flip;Minikameras portabel
AVZ15607;AV-Ausleihe;1.7977E+308;HD-LCD-Monitor JVC DT-V24L1D;Monitor LCD Studio
AVZ15418;AV-Ausleihe;C7TWB3609R;HD-LCD-Monitor Panasonic BT-LH1700WE;Monitor LCD Studio
AVZ15593;AV-Ausleihe;1.7977E+308;HD-Monitor JVC DT-V1710CG;Monitor Röhre Studio
AVZ15605;AV-Ausleihe;1.7977E+308;HD-Monitor JVC DT-V1710CG;Monitor Röhre Studio
AVZ15295;AV-Ausleihe;1220249;HD/DVCam-Kamera Sony HVR-A1E;Videokameras HD Bandaufnahme Prosumer
AVZ15296;AV-Ausleihe;1220250;HD/DVCam-Kamera Sony HVR-A1E;Videokameras HD Bandaufnahme Prosumer
AVZ13399;AV-Ausleihe;1074667;HD/MiniDV Handycam Sony HDR-HC3E;Videokameras HD Bandaufnahme Consumer
AVZ13400;AV-Ausleihe;1074666;HD/MiniDV Handycam Sony HDR-HC3E;Videokameras HD Bandaufnahme Consumer
AVZ13401;AV-Ausleihe;1074700;HD/MiniDV Handycam Sony HDR-HC3E;Videokameras HD Bandaufnahme Consumer
AVZ15345;AV-Ausleihe;1074570;HD/MiniDV Handycam Sony HDR-HC7;Videokameras HD Bandaufnahme Consumer
AVZ15347;AV-Ausleihe;1074538;HD/MiniDV Handycam Sony HDR-HC7;Videokameras HD Bandaufnahme Consumer
AVZ15353;AV-Ausleihe;1074555;HD/MiniDV Handycam Sony HDR-HC7;Videokameras HD Bandaufnahme Consumer
AVZ15354;AV-Ausleihe;1074755;HD/MiniDV Handycam Sony HDR-HC7;Videokameras HD Bandaufnahme Consumer
AVZ15355;AV-Ausleihe;1074791;HD/MiniDV Handycam Sony HDR-HC7;Videokameras HD Bandaufnahme Consumer
AVZ15356;AV-Ausleihe;1074569;HD/MiniDV Handycam Sony HDR-HC7;Videokameras HD Bandaufnahme Consumer
AVZ15358;AV-Ausleihe;1074554;HD/MiniDV Handycam Sony HDR-HC7;Videokameras HD Bandaufnahme Consumer
AVZ15359;AV-Ausleihe;1074565;HD/MiniDV Handycam Sony HDR-HC7;Videokameras HD Bandaufnahme Consumer
AVZ15360;AV-Ausleihe;1074553;HD/MiniDV Handycam Sony HDR-HC7;Videokameras HD Bandaufnahme Consumer
AVZ15361;AV-Ausleihe;1074571;HD/MiniDV Handycam Sony HDR-HC7;Videokameras HD Bandaufnahme Consumer
AVZ15374;AV-Ausleihe;1074754;HD/MiniDV Handycam Sony HDR-HC7;Videokameras HD Bandaufnahme Consumer
AVZ15521;AV-Ausleihe;1078175;HD/MiniDV Handycam Sony HDR-HC7;Videokameras HD Bandaufnahme Consumer
AVZ15522;AV-Ausleihe;1078144;HD/MiniDV Handycam Sony HDR-HC7;Videokameras HD Bandaufnahme Consumer
AVZ16509;AV-Ausleihe;1084801;HD/MiniDV Handycam Sony HDR-HC7;Videokameras HD Bandaufnahme Consumer
AVZ16779;AV-Ausleihe;S0101332094;HD/MiniDV Handycam Sony HDR-HC9;Videokameras HD Bandaufnahme Consumer
AVZ16780;AV-Ausleihe;S0101356236;HD/MiniDV Handycam Sony HDR-HC9;Videokameras HD Bandaufnahme Consumer
AVZ16781;AV-Ausleihe;S0101356089;HD/MiniDV Handycam Sony HDR-HC9;Videokameras HD Bandaufnahme Consumer
AVZ16782;AV-Ausleihe;S0101356179;HD/MiniDV Handycam Sony HDR-HC9;Videokameras HD Bandaufnahme Consumer
AVZ16783;AV-Ausleihe;S010135599I;HD/MiniDV Handycam Sony HDR-HC9;Videokameras HD Bandaufnahme Consumer
AVZ16784;AV-Ausleihe;S010135639D;HD/MiniDV Handycam Sony HDR-HC9;Videokameras HD Bandaufnahme Consumer
AVZ16785;AV-Ausleihe;S0101356326;HD/MiniDV Handycam Sony HDR-HC9;Videokameras HD Bandaufnahme Consumer
AVZ16786;AV-Ausleihe;S010134888I;HD/MiniDV Handycam Sony HDR-HC9;Videokameras HD Bandaufnahme Consumer
AVZ20472;AV-Ausleihe;S0101356337;HD/MiniDV Handycam Sony HDR-HC9;Videokameras HD Bandaufnahme Consumer
AVZ15884;AV-Ausleihe;62034;HDCAM Sony HDW-750PC;Videokameras HD Bandaufnahme Professional
AVZ13390;AV-Ausleihe;1210142;HDV-DV-Recorder Sony HVR-M25E;HDV Player / Recorder;;
AVZ15602;AV-Ausleihe;1213369;HDV-DV-Recorder Sony HVR-M25E;HDV Player / Recorder;;
AVZ15603;AV-Ausleihe;1213380;HDV-DV-Recorder Sony HVR-M25E;HDV Player / Recorder;;
AVZ15604;AV-Ausleihe;1213383;HDV-DV-Recorder Sony HVR-M25E;HDV Player / Recorder;;
AVZ20573;AV-Ausleihe;1211717;HDV-DV-Recorder Sony HVR-M25E;HDV Player / Recorder;;
AVZ20890;AV-Ausleihe;P3001507;HDV-Kamera Sanyo HD2000;Minikameras portabel;;
AVZ14615;AV-Ausleihe;0643 31171;Hellraumprojektor Liesegang 643;Hellraumprojektoren;;
AVZ14614;AV-Ausleihe;0630 21625;Hellraumprojektor Liesegang Trainer 630;Hellraumprojektoren;;
AVZ14613;AV-Ausleihe;0640 50865;Hellraumprojektor Liesegang Trainer 640;Hellraumprojektoren;;
AVZ17118;AV-Ausleihe;---;Instrumentenmikrophon Sennheiser e 608;Instrumentenmikrophone;;
AVZ17119;AV-Ausleihe;---;Instrumentenmikrophon Sennheiser e 608;Instrumentenmikrophone;;
AVZ25002;AV-Ausleihe;A1957477;Kamerahalter Manfrotto 595B Fig Rig Video Camera Stabilizer;Kompendium / Follow Focus / Remote Video;Traghilfen / Schutzhüllen Video;Stative andere
AVZ25063;AV-Ausleihe;C0985846;Kamerastativ Vinten Pro-6HDVF;Stative Video;;
AVZ25064;AV-Ausleihe;C0983284;Kamerastativ Vinten Pro-6HDVF;Stative Video;;
AVZ25065;AV-Ausleihe;C0985822;Kamerastativ Vinten Pro-6HDVF;Stative Video;;
AVZ25066;AV-Ausleihe;C0985654;Kamerastativ Vinten Pro-6HDVF;Stative Video;;
AVZ12440;AV-Ausleihe;--;Kleinstativ Pentacon;Stative Photo
AVZ15886;AV-Ausleihe;410-14;Kompendium Chrosziel 4 x 5.65 zu HDCAM Sony HDW-750PC;Kompendium / Follow Focus / Remote Video
AVZ15742;AV-Ausleihe;keine;Kopfhörer AKG K26P;Kopfhörer broadcast
AVZ15743;AV-Ausleihe;keine;Kopfhörer AKG K26P;Kopfhörer broadcast
AVZ15744;AV-Ausleihe;keine;Kopfhörer AKG K26P;Kopfhörer broadcast
AVZ15745;AV-Ausleihe;keine;Kopfhörer AKG K26P;Kopfhörer broadcast
AVZ15746;AV-Ausleihe;keine;Kopfhörer AKG K26P;Kopfhörer broadcast
AVZ15747;AV-Ausleihe;keine;Kopfhörer Sony MDR-7506;Kopfhörer broadcast
AVZ15748;AV-Ausleihe;keine;Kopfhörer Sony MDR-7506;Kopfhörer broadcast
AVZ15749;AV-Ausleihe;keine;Kopfhörer Sony MDR-7506;Kopfhörer broadcast
AVZ15750;AV-Ausleihe;keine;Kopfhörer Sony MDR-7506;Kopfhörer broadcast
AVZ15751;AV-Ausleihe;keine;Kopfhörer Sony MDR-7506;Kopfhörer broadcast
AVZ15859;AV-Ausleihe;12.02.04;Kopfhörerverstärker SpeaKa S1235;Kopfhörerverstärker
AVZ15860;AV-Ausleihe;12.02.04;Kopfhörerverstärker SpeaKa S1235;Kopfhörerverstärker
AVZ15876;AV-Ausleihe;12.02.04;Kopfhörerverstärker SpeaKa S1235;Kopfhörerverstärker
AVZ15877;AV-Ausleihe;12.02.04;Kopfhörerverstärker SpeaKa S1235;Kopfhörerverstärker
AVZ15878;AV-Ausleihe;12.02.04;Kopfhörerverstärker SpeaKa S1235;Kopfhörerverstärker
AVZ16110;AV-Ausleihe;12.02.04;Kopfhörerverstärker SpeaKa S1235;Kopfhörerverstärker
AVZ15459;AV-Ausleihe;U-07/00/081-0;Kopfhörerverstärker Stageline HPR-6;Kopfhörerverstärker
AVZ15460;AV-Ausleihe;U-07/00/084-0;Kopfhörerverstärker Stageline HPR-6;Kopfhörerverstärker
AVZ15461;AV-Ausleihe;U-07/00/089-0;Kopfhörerverstärker Stageline HPR-6;Kopfhörerverstärker
AVZ15462;AV-Ausleihe;U-07/00/090-0;Kopfhörerverstärker Stageline HPR-6;Kopfhörerverstärker
AVZ15463;AV-Ausleihe;U-07/00/119-0;Kopfhörerverstärker Stageline HPR-6;Kopfhörerverstärker
AVZ15591;AV-Ausleihe;keine;Kopfhörerverstärker Stageline HPR-6;Kopfhörerverstärker
AVZ15592;AV-Ausleihe;keine;Kopfhörerverstärker Stageline HPR-6;Kopfhörerverstärker
AVZ16717;AV-Ausleihe;unlesabr;Kopfhörerverstärker Stageline HPR-6;Kopfhörerverstärker
AVZ11578;AV-Ausleihe;Rob/00/04/04/;Kopfhörerverstärker Stageline PPA 100;Kopfhörerverstärker
AVZ13480;AV-Ausleihe;R09/00/078-01;Kopfhörerverstärker Stageline PPA 100;Kopfhörerverstärker
AVZ13481;AV-Ausleihe;R07/00/040-01;Kopfhörerverstärker Stageline PPA 100;Kopfhörerverstärker
AVZ13482;AV-Ausleihe;R09/00/030-01;Kopfhörerverstärker Stageline PPA 100;Kopfhörerverstärker
AVZ20828;AV-Ausleihe;P11/00/073-01;Kopfhörerverstärker Stageline PPA 100;Kopfhörerverstärker
AVZ15858;AV-Ausleihe;1288;Kopfhörerverstärker Stageline PPA-4;Kopfhörerverstärker
AVZ16016;AV-Ausleihe;1293;Kopfhörerverstärker Stageline PPA-4;Kopfhörerverstärker
AVZ16442;AV-Ausleihe;1312904090946QR;LaCie 320GB Rugged Mobile Harddisk/FireWire 400/800/USB2.0;Externe Massenspeicher
AVZ16428;AV-Ausleihe;1224802124621QR;LaCie 320GB Rugged Mobile Harddisk/FireWire 400/800/USB2.0;Externe Massenspeicher
AVZ16431;AV-Ausleihe;1224802124624624QR;LaCie 320GB Rugged Mobile Harddisk/FireWire 400/800/USB2.0;Externe Massenspeicher
AVZ13024;AV-Ausleihe;118456;Lautsprecher Canton GL300F;Lautsprecher passiv
AVZ13493;AV-Ausleihe;51066/51971;Lautsprecher Canton GL300F;Lautsprecher passiv
AVZ12180;AV-Ausleihe;634724;Lautsprecher Canton Plus D;Lautsprecher passiv
AVZ13012;AV-Ausleihe;06 101937;Lautsprecher Canton Plus D;Lautsprecher passiv
AVZ11696;AV-Ausleihe;10089300;Lautsprecher Elias Satellite;Lautsprecher passiv
AVZ11697;AV-Ausleihe;10089300;Lautsprecher Elias Satellite;Lautsprecher passiv
AVZ11698;AV-Ausleihe;10119481;Lautsprecher Elias Satellite;Lautsprecher passiv
AVZ11699;AV-Ausleihe;10119482;Lautsprecher Elias Satellite;Lautsprecher passiv
AVZ13014;AV-Ausleihe;207102667;Lautsprecher Mission M71;Lautsprecher passiv
AVZ13492;AV-Ausleihe;207102675;Lautsprecher Mission M71;Lautsprecher passiv
AVZ13764;AV-Ausleihe;XF940146 / J940134;Lautsprecheranlage Anchor Liberty MPB-4500;Lautsprecheranlagen einfach
AVZ12985;AV-Ausleihe;968200/968199;Lautsprecherpaar Dinaudio MSP400;Lautsprecher passiv
AVZ15887;AV-Ausleihe;F6TWA0064;LCD Monitor Panasonic BT-LH900AE;Monitor LCD Ausstellung;
AVZ15655;AV-Ausleihe;1300060;LCD Monitor Sony LMD-9050 ENG-Kit;Referenzmonitore;Monitor portabel
AVZ15656;AV-Ausleihe;1300065;LCD Monitor Sony LMD-9050 ENG-Kit;Referenzmonitore;Monitor portabel
AVZ15657;AV-Ausleihe;1300066;LCD Monitor Sony LMD-9050 ENG-Kit;Referenzmonitore;Monitor portabel
AVZ14436;AV-Ausleihe;129145;LCD Monitor Sony XV-M30E;Monitor portabel;Monitor LCD Ausstellung
AVZ14437;AV-Ausleihe;129141;LCD Monitor Sony XV-M30E;Monitor portabel;Monitor LCD Ausstellung
AVZ20672;AV-Ausleihe;87100601YB;LCD-Monitor NEC Multeos M46 AV silber Full-HD;Monitor LCD Ausstellung;
AVZ20673;AV-Ausleihe;87100603YB;LCD-Monitor NEC Multeos M46 AV silber Full-HD;Monitor LCD Ausstellung;
AVZ12338;AV-Ausleihe;52000302YB;LCD-Monitor NEC MultiSync LCD4010;Monitor LCD Ausstellung;
AVZ12339;AV-Ausleihe;53000564YB;LCD-Monitor NEC MultiSync LCD4010;Monitor LCD Ausstellung;
AVZ13378;AV-Ausleihe;S59101400JB;LCD-Monitor NEC MultiSync LCD4010;Monitor LCD Ausstellung;
AVZ16793;AV-Ausleihe;4319423;LCD-Monitor Sony KDL-40X3500 Full-HD;Monitor LCD Ausstellung;
AVZ16794;AV-Ausleihe;4319424;LCD-Monitor Sony KDL-40X3500 Full-HD;Monitor LCD Ausstellung;
AVZ16514;AV-Ausleihe;9201377;LCD-TV Sony KDL-26P3000E.F 26 Zoll HD-Ready Silber;Monitor LCD Ausstellung;
AVZ16515;AV-Ausleihe;9501373;LCD-TV Sony KDL-26P3000E.F 26 Zoll HD-Ready Silber;Monitor LCD Ausstellung;
AVZ16516;AV-Ausleihe;9501374;LCD-TV Sony KDL-26P3000E.F 26 Zoll HD-Ready Silber;Monitor LCD Ausstellung;
AVZ16517;AV-Ausleihe;9501347;LCD-TV Sony KDL-26P3000E.F 26 Zoll HD-Ready Silber;Monitor LCD Ausstellung
AVZ16518;AV-Ausleihe;9501375;LCD-TV Sony KDL-26P3000E.F 26 Zoll HD-Ready Silber;Monitor LCD Ausstellung
AVZ16519;AV-Ausleihe;9501368;LCD-TV Sony KDL-26P3000E.F 26 Zoll HD-Ready Silber;Monitor LCD Ausstellung
AVZ16520;AV-Ausleihe;9501363;LCD-TV Sony KDL-26P3000E.F 26 Zoll HD-Ready Silber;Monitor LCD Ausstellung
AVZ16521;AV-Ausleihe;9501376;LCD-TV Sony KDL-26P3000E.F 26 Zoll HD-Ready Silber;Monitor LCD Ausstellung
AVZ16522;AV-Ausleihe;9501378;LCD-TV Sony KDL-26P3000E.F 26 Zoll HD-Ready Silber;Monitor LCD Ausstellung
AVZ16523;AV-Ausleihe;9501371;LCD-TV Sony KDL-26P3000E.F 26 Zoll HD-Ready Silber;Monitor LCD Ausstellung
AVZ15328;AV-Ausleihe;S011459411;LCD-TV Sony KDL-26U2000 26 Zoll HD-Ready Silber;Monitor LCD Ausstellung
AVZ15329;AV-Ausleihe;S01149984;LCD-TV Sony KDL-26U2000 26 Zoll HD-Ready Silber;Monitor LCD Ausstellung
AVZ15330;AV-Ausleihe;S011417664;LCD-TV Sony KDL-26U2000 26 Zoll HD-Ready Silber;Monitor LCD Ausstellung
AVZ15331;AV-Ausleihe;S011459642;LCD-TV Sony KDL-26U2000 26 Zoll HD-Ready Silber;Monitor LCD Ausstellung
AVZ15333;AV-Ausleihe;S011459646;LCD-TV Sony KDL-26U2000 26 Zoll HD-Ready Silber;Monitor LCD Ausstellung
AVZ15334;AV-Ausleihe;S011459643;LCD-TV Sony KDL-26U2000 26 Zoll HD-Ready Silber;Monitor LCD Ausstellung
AVZ15335;AV-Ausleihe;S011459644;LCD-TV Sony KDL-26U2000 26 Zoll HD-Ready Silber;Monitor LCD Ausstellung
AVZ15336;AV-Ausleihe;S011459645;LCD-TV Sony KDL-26U2000 26 Zoll HD-Ready Silber;Monitor LCD Ausstellung
AVZ15337;AV-Ausleihe;S011459648;LCD-TV Sony KDL-26U2000 26 Zoll HD-Ready Silber;Monitor LCD Ausstellung
AVZ15338;AV-Ausleihe;S011459649;LCD-TV Sony KDL-26U2000 26 Zoll HD-Ready Silber;Monitor LCD Ausstellung
AVZ15339;AV-Ausleihe;S011459647;LCD-TV Sony KDL-26U2000 26 Zoll HD-Ready Silber;Monitor LCD Ausstellung
AVZ16282;AV-Ausleihe;S011386545I;LCD-TV Sony KDL-32P3000 32 Zoll  HD-Ready black;Monitor LCD Ausstellung
AVZ16283;AV-Ausleihe;S011386546J;LCD-TV Sony KDL-32P3000 32 Zoll  HD-Ready black;Monitor LCD Ausstellung
AVZ16284;AV-Ausleihe;S011386549M;LCD-TV Sony KDL-32P3000 32 Zoll  HD-Ready black;Monitor LCD Ausstellung
AVZ16285;AV-Ausleihe;S011386544H;LCD-TV Sony KDL-32P3000 32 Zoll  HD-Ready black;Monitor LCD Ausstellung
AVZ16286;AV-Ausleihe;S011386550E;LCD-TV Sony KDL-32P3000 32 Zoll  HD-Ready black;Monitor LCD Ausstellung
AVZ16287;AV-Ausleihe;S011386542F;LCD-TV Sony KDL-32P3000 32 Zoll  HD-Ready black;Monitor LCD Ausstellung
AVZ16288;AV-Ausleihe;S011386547K;LCD-TV Sony KDL-32P3000 32 Zoll  HD-Ready black;Monitor LCD Ausstellung
AVZ16289;AV-Ausleihe;S011386543G;LCD-TV Sony KDL-32P3000 32 Zoll  HD-Ready black;Monitor LCD Ausstellung
AVZ16290;AV-Ausleihe;S011386548L;LCD-TV Sony KDL-32P3000 32 Zoll  HD-Ready black;Monitor LCD Ausstellung
AVZ14645;AV-Ausleihe;---;Leinwand Dalite Picture King 160cm;Leinwand
AVZ14646;AV-Ausleihe;---;Leinwand Dalite Picture King 160cm;Leinwand
AVZ14644;AV-Ausleihe;---;Leinwand Dalite Picture King 200cm;Leinwand
AVZ14648;AV-Ausleihe;---;Leinwand Harkness Miralyte 160cm;Leinwand
AVZ14681;AV-Ausleihe;---;Leinwand Harkness Miralyte 160cm;Leinwand
AVZ16027;AV-Ausleihe;keine;Leinwand Harkness Miralyte 160cm;Leinwand;
AVZ14595;AV-Ausleihe;---;Leinwand Harkness Miralyte 180cm;Leinwand;
AVZ16145;AV-Ausleihe;keine;Leinwand Ultimate PortaScreen 229x305cm mattweiss;Leinwand;
AVZ16146;AV-Ausleihe;keine;Leinwand Ultimate PortaScreen 229x305cm mattweiss;Leinwand;
AVZ16147;AV-Ausleihe;keine;Leinwand Ultimate PortaScreen 229x305cm mattweiss;Leinwand;
AVZ15654;AV-Ausleihe;keine;Leinwand Ultimate PortaScreen 320 x 427cm;Leinwand;
AVZ14596;AV-Ausleihe;---;Leuchtpult 38 x 55cm;Leuchtpult;
AVZ15828;AV-Ausleihe;diverse;Licht-Koffer Ianebeam 800;Lichtsets;Leuchten Kunstlicht
AVZ15827;AV-Ausleihe;12117;Lichtkit zu Dedolight ( Farbrahmen, Filter, Iris, Messer);Lichtsets;Leuchten Kunstlicht
AVZ15826;AV-Ausleihe;diverse;Lichtkoffer Dedolight K1S Standartkit;Lichtsets;Leuchten Kunstlicht
AVZ11683;AV-Ausleihe;--;Lichtkoffer Lowel;Lichtsets;Leuchten Kunstlicht
AVZ11684;AV-Ausleihe;--;Lichtkoffer Lowel;Lichtsets;Leuchten Kunstlicht
AVZ13381;AV-Ausleihe;---;Lichtkoffer Lowel;Lichtsets;Leuchten Kunstlicht
AVZ14890;AV-Ausleihe;---;Lichtkoffer Lowel;Lichtsets;Leuchten Kunstlicht
AVZ15791;AV-Ausleihe;keine;Lichtstativ Alu Nigg 250cm;Stative Licht;
AVZ15792;AV-Ausleihe;keine;Lichtstativ Alu Nigg 250cm;Stative Licht;
AVZ15784;AV-Ausleihe;keine;Lichtstativ Alu Nigg 300cm;Stative Licht
AVZ15785;AV-Ausleihe;keine;Lichtstativ Alu Nigg 300cm;Stative Licht
AVZ15786;AV-Ausleihe;keine;Lichtstativ Alu Nigg 300cm;Stative Licht
AVZ15787;AV-Ausleihe;keine;Lichtstativ Alu Nigg 300cm;Stative Licht
AVZ15788;AV-Ausleihe;keine;Lichtstativ Alu Nigg 300cm;Stative Licht
AVZ15789;AV-Ausleihe;keine;Lichtstativ Alu Nigg 300cm;Stative Licht
AVZ15790;AV-Ausleihe;keine;Lichtstativ Alu Nigg 300cm;Stative Licht
AVZ11527;AV-Ausleihe;R 08/001254-01;Megaphon;Megaphon
AVZ20816;AV-Ausleihe;---;Microphon PreAmp Stageline MPA-202;Vorverstärker
AVZ25050;AV-Ausleihe;keine;Microphon-Perche 1.5m Fiber Boom 5 sections;Mikrophonhalterungen
AVZ15780;AV-Ausleihe;keine;Microphon-Perche 2m vdB;Mikrophonhalterungen
AVZ25051;AV-Ausleihe;keine;Microphon-Perche 3.5m Fiber Boom 5 sections;Mikrophonhalterungen
AVZ15842;AV-Ausleihe;keine;Microphonstativ 180cm inkl. Ausleger 80cm;Stative Mikrophon
AVZ15843;AV-Ausleihe;keine;Microphonstativ 180cm inkl. Ausleger 80cm;Stative Mikrophon
AVZ15844;AV-Ausleihe;keine;Microphonstativ 180cm inkl. Ausleger 80cm;Stative Mikrophon
AVZ15845;AV-Ausleihe;keine;Microphonstativ 180cm inkl. Ausleger 80cm;Stative Mikrophon
AVZ15846;AV-Ausleihe;keine;Microphonstativ 180cm inkl. Ausleger 80cm;Stative Mikrophon;;
AVZ15847;AV-Ausleihe;keine;Microphonstativ 180cm inkl. Ausleger 80cm;Stative Mikrophon;;
AVZ15783;AV-Ausleihe;keine;Microphonstativ Bleifuss 60cm;Mikrophonhalterungen;Stative Mikrophon;
AVZ20662;AV-Ausleihe;keine;Mikrofon Schwanenhals-Tischmic. Shure MX412D/C;Mikrophone Tisch;;
AVZ20663;AV-Ausleihe;keine;Mikrofon Schwanenhals-Tischmic. Shure MX412D/C;Mikrophone Tisch;;
AVZ20664;AV-Ausleihe;keine;Mikrofon Schwanenhals-Tischmic. Shure MX412D/C;Mikrophone Tisch;;
AVZ20665;AV-Ausleihe;keine;Mikrofon Schwanenhals-Tischmic. Shure MX412D/C;Mikrophone Tisch;;
AVZ25034;AV-Ausleihe;keine;Mikrofon Sennheiser e 912 BK;Mikrophone Tisch;Mikrophone Film / Broadcast;Instrumentenmikrophone
AVZ25035;AV-Ausleihe;keine;Mikrofon Sennheiser e 912 BK;Mikrophone Tisch;Mikrophone Film / Broadcast;Instrumentenmikrophone
AVZ15778;AV-Ausleihe;keine;Mikrofonset MXL 2001 & 603S;Mikrophonsets;;
AVZ16605;AV-Ausleihe;8497824675;Mikrofonset Sennheiser ew100ENG;Mikrophonsets;Mikrophone Drahtlos;
AVZ20661;AV-Ausleihe;538265 / 522390;Mikrofonset Sennheiser ew100ENG;Mikrophonsets;Mikrophone Drahtlos;
AVZ15298;AV-Ausleihe;3282;Mikrofonset Sennheiser K6 Nierenmikrofon;Mikrophone Film / Broadcast;;
AVZ15946;AV-Ausleihe;38609;Mikrofonset Sennheiser K6 Nierenmikrofon;Mikrophone Film / Broadcast;;
AVZ15673;AV-Ausleihe;84670;Mikrofonset Sennheiser MD 421 N;Mikrophone Film / Broadcast;;
AVZ20652;AV-Ausleihe;keine;Mikrofonset Sennheiser Windschutzkorb inkl. Pistolengriff;Windschutz;Mikrophonhalterungen;
AVZ15777;AV-Ausleihe;keine;Mikrophon AKG D330BT;Mikrophone Film / Broadcast;
AVZ15782;AV-Ausleihe;304;Mikrophon audio-technica AT832;Mikrophone Film / Broadcast;
AVZ15735;AV-Ausleihe;keine;Mikrophon Hama RMZ-14;Mikrophon Kamera;
AVZ15736;AV-Ausleihe;keine;Mikrophon Hama RMZ-14;Mikrophon Kamera;
AVZ15737;AV-Ausleihe;keine;Mikrophon Hama RMZ-14;Mikrophon Kamera;
AVZ15738;AV-Ausleihe;keine;Mikrophon Hama RMZ-14;Mikrophon Kamera;
AVZ15793;AV-Ausleihe;keine;Mikrophon Philips SBC3041;Mikrophone Film / Broadcast;
AVZ15794;AV-Ausleihe;keine;Mikrophon Philips SBC3041;Mikrophone Film / Broadcast;
AVZ15772;AV-Ausleihe;49418;Mikrophon Revox M 3500;Mikrophone Film / Broadcast;
AVZ15773;AV-Ausleihe;66976;Mikrophon Revox M 3500;Mikrophone Film / Broadcast;
AVZ15774;AV-Ausleihe;63833;Mikrophon Revox M 3500;Mikrophone Film / Broadcast;
AVZ15775;AV-Ausleihe;63880;Mikrophon Revox M 3500;Mikrophone Film / Broadcast;
AVZ15776;AV-Ausleihe;63877;Mikrophon Revox M 3500;Mikrophone Film / Broadcast;
AVZ15781;AV-Ausleihe;40306;Mikrophon Revox M 3500 ( Jack 3.5/6.3mm);Mikrophone Film / Broadcast;
AVZ14818;AV-Ausleihe;4.0 14593;Mikrophon Rode NT4;Mikrophone Stereo;Mikrophone Film / Broadcast
AVZ14499;AV-Ausleihe;---;Mikrophon Sennheiser (Niere);Mikrophone Film / Broadcast;
AVZ14500;AV-Ausleihe;---;Mikrophon Sennheiser (Niere);Mikrophone Film / Broadcast;
AVZ14650;AV-Ausleihe;---;Mikrophon Sennheiser (Niere);Mikrophone Film / Broadcast;
AVZ14651;AV-Ausleihe;---;Mikrophon Sennheiser (Niere);Mikrophone Film / Broadcast;
AVZ20651;AV-Ausleihe;1418;Mikrophon Sennheiser Kamera-Mic. MKE400;Mikrophon Kamera;
AVZ20795;AV-Ausleihe;24252;Mikrophon Sennheiser ME 62;Mikrophone Film / Broadcast;
AVZ20796;AV-Ausleihe;61479;Mikrophon Sennheiser ME 64;Mikrophone Film / Broadcast;
AVZ20794;AV-Ausleihe;15175;Mikrophon Sennheiser ME 65;Mikrophone Film / Broadcast;
AVZ20797;AV-Ausleihe;146865;Mikrophon Sennheiser ME 66;Mikrophone Film / Broadcast;
AVZ15947;AV-Ausleihe;59954;Mikrophon Sennheiser Superniere K6;Mikrophone Film / Broadcast;
AVZ15739;AV-Ausleihe;501828;Mikrophon Sony Bluetooth ECM-HW1R;Mikrophon Kamera;Mikrophone Drahtlos
AVZ15741;AV-Ausleihe;keine;Mikrophon Sony ECM-HGZ1;Mikrophon Kamera;Mikrophone Film / Broadcast
AVZ15740;AV-Ausleihe;keine;Mikrophon Sony ECM-HST1;Mikrophon Kamera;
AVZ15752;AV-Ausleihe;677589;Mikrophon Sony ECM-MS907;Mikrophone Stereo;
AVZ15753;AV-Ausleihe;750625;Mikrophon Sony ECM-MS907;Mikrophone Stereo;
AVZ15754;AV-Ausleihe;750638;Mikrophon Sony ECM-MS907;Mikrophone Stereo;
AVZ15755;AV-Ausleihe;750636;Mikrophon Sony ECM-MS907;Mikrophone Stereo;
AVZ15756;AV-Ausleihe;594650;Mikrophon Sony ECM-MS907;Mikrophone Stereo
AVZ15757;AV-Ausleihe;342021;Mikrophon Sony ECM-MS907;Mikrophone Stereo
AVZ15758;AV-Ausleihe;750637;Mikrophon Sony ECM-MS907;Mikrophone Stereo
AVZ15759;AV-Ausleihe;677583;Mikrophon Sony ECM-MS907;Mikrophone Stereo
AVZ15760;AV-Ausleihe;622201;Mikrophon Sony ECM-MS907;Mikrophone Stereo
AVZ15761;AV-Ausleihe;750628;Mikrophon Sony ECM-MS907;Mikrophone Stereo
AVZ15762;AV-Ausleihe;683008;Mikrophon Sony ECM-MS907;Mikrophone Stereo
AVZ15763;AV-Ausleihe;750627;Mikrophon Sony ECM-MS907;Mikrophone Stereo
AVZ15764;AV-Ausleihe;677587;Mikrophon Sony ECM-MS907;Mikrophone Stereo
AVZ15765;AV-Ausleihe;622208;Mikrophon Sony ECM-MS907;Mikrophone Stereo
AVZ15766;AV-Ausleihe;750634;Mikrophon Sony ECM-MS907;Mikrophone Stereo
AVZ15767;AV-Ausleihe;594649;Mikrophon Sony ECM-MS907;Mikrophone Stereo
AVZ15768;AV-Ausleihe;750629;Mikrophon Sony ECM-MS907;Mikrophone Stereo
AVZ15769;AV-Ausleihe;677585;Mikrophon Sony ECM-MS907;Mikrophone Stereo
AVZ15770;AV-Ausleihe;136919;Mikrophon Sony ECM-MS907;Mikrophone Stereo
AVZ15771;AV-Ausleihe;683019;Mikrophon Sony ECM-MS907;Mikrophone Stereo
AVZ20812;AV-Ausleihe;12437;Mikrophon Stereo Sennheiser MKH 418 S P48;Mikrophone Stereo;Mikrophone Film / Broadcast
AVZ15798;AV-Ausleihe;keine;Mikrophone Shure Headset WH20 (XLR);Headsets & Lavaliermikrophone;
AVZ12111;AV-Ausleihe;GOHT00202;Mini-DV Recorder Panasonic NV-DV2000;DV Player / Recorder;
AVZ12112;AV-Ausleihe;GOHT00180;Mini-DV Recorder Panasonic NV-DV2000;DV Player / Recorder;
AVZ12113;AV-Ausleihe;GOHT00068;Mini-DV Recorder Panasonic NV-DV2000;DV Player / Recorder;
AVZ12364;AV-Ausleihe;GOHT00172;Mini-DV Recorder Panasonic NV-DV2000;DV Player / Recorder;
AVZ12366;AV-Ausleihe;GOHT00060;Mini-DV Recorder Panasonic NV-DV2000;DV Player / Recorder;
AVZ13430;AV-Ausleihe;F0HT00128;Mini-DV Recorder Panasonic NV-DV2000;DV Player / Recorder;
AVZ11328;AV-Ausleihe;S01-0154993-H;MiniDisc Rec. Sony MZ-B100;Portable Minidisc Recorder;
AVZ11329;AV-Ausleihe;S01-0154994-I;MiniDisc Rec. Sony MZ-B100;Portable Minidisc Recorder;
AVZ11331;AV-Ausleihe;180628;MiniDisc Rec. Sony MZ-B100;Portable Minidisc Recorder;
AVZ11332;AV-Ausleihe;S01-0154997-L;MiniDisc Rec. Sony MZ-B100;Portable Minidisc Recorder;
AVZ13007;AV-Ausleihe;5510836;MiniDisc-Deck Sony MDS-JE640;Nichtportable Audio Recorder/Player;
AVZ11682;AV-Ausleihe;10884;Mobil-DV-Recorder Sony GV-D900E;DV Player / Recorder;Portable Video Player / Recorder
AVZ14569;AV-Ausleihe;YEHG096208;Monitor LCD 19 Zoll Scenicview P19-2;IT-Display;
AVZ15556;AV-Ausleihe;520715;Netz Dimmer EBZ Mod.1 2000W schwarz;Lichtsteuerung & Dimmer;
AVZ16109;AV-Ausleihe;521174;Netz Dimmer EBZ Mod.1 2000W schwarz;Lichtsteuerung & Dimmer
AVZ15611;AV-Ausleihe;539359;"Netz Dimmer EBZ NS 300 ; 2000W Schieberegler";Lichtsteuerung & Dimmer
AVZ15612;AV-Ausleihe;539326;"Netz Dimmer EBZ NS 300 ; 2000W Schieberegler";Lichtsteuerung & Dimmer
AVZ15800;AV-Ausleihe;keine;Netzkabel Rolle 15m blau;Kabelrollen
AVZ15801;AV-Ausleihe;keine;Netzkabel Rolle 15m blau;Kabelrollen
AVZ15795;AV-Ausleihe;keine;Netzkabel Rolle 25m blau;Kabelrollen
AVZ15796;AV-Ausleihe;keine;Netzkabel Rolle 25m blau;Kabelrollen
AVZ15797;AV-Ausleihe;keine;Netzkabel Rolle 25m blau;Kabelrollen
AVZ15799;AV-Ausleihe;keine;Netzkabel Rolle 25m blau;Kabelrollen
AVZ16669;AV-Ausleihe;215661;Objektiv Nikon AF 14mm F/2.8 ED Nikkor;Objektive Photo
AVZ16670;AV-Ausleihe;5042388;Objektiv Nikon AF 60mm F/2.8 ED Micro-Nikkor;Objektive Photo
AVZ17042;AV-Ausleihe;249378;Objektiv Nikon AF-S Nikkor 24-70mm f/2.8GED;Objektive Photo
AVZ14571;AV-Ausleihe;YBWN007714;PC Siemens Celsius W340, P4 3.2GHz 1GB;Desktop PC
AVZ14572;AV-Ausleihe;YBWN007713;PC Siemens Celsius W340, P4 3.2GHz 1GB;Desktop PC
AVZ14573;AV-Ausleihe;YBWN007711;PC Siemens Celsius W340, P4 3.2GHz 1GB;Desktop PC
AVZ14574;AV-Ausleihe;YBWN007710;PC Siemens Celsius W340, P4 3.2GHz 1GB;Desktop PC
AVZ14575;AV-Ausleihe;YBWN007712;PC Siemens Celsius W340, P4 3.2GHz 1GB;Desktop PC;
AVZ14570;AV-Ausleihe;YBES232139;PC Siemens Scenic W600 P 4 HT 3.0/ 1GB;Desktop PC;
AVZ15863;AV-Ausleihe;keine;Phono-Vorverstärker Solid State stereo;Vorverstärker;
AVZ10619;AV-Ausleihe;32100769;Plasma-Schirm NEC 42 Zoll PX-42VP4DG;Monitor Plasma Ausstellung;
AVZ10686;AV-Ausleihe;32100479S;Plasma-Schirm NEC 42 Zoll PX-42VP4DG;Monitor Plasma Ausstellung;
AVZ10689;AV-Ausleihe;34104059M;Plasma-Schirm NEC 42 Zoll PX-42VP4DG;Monitor Plasma Ausstellung;
AVZ10692;AV-Ausleihe;3Y1018092;Plasma-Schirm NEC 42 Zoll PX-42VP4DG;Monitor Plasma Ausstellung;
AVZ10693;AV-Ausleihe;32100869S;Plasma-Schirm NEC 42 Zoll PX-42VP4DG;Monitor Plasma Ausstellung;
AVZ13491;AV-Ausleihe;NF0605E218;Plattenspieler Technics SL-D2;Nichtportable Audio Recorder/Player;
AVZ16050;AV-Ausleihe;keine;Reflektor Photoflex DL-32MULTI 32 Zoll (81 cm);Reflektoren;
AVZ16051;AV-Ausleihe;keine;Reflektor Photoflex DL-32MULTI 32 Zoll (81 cm);Reflektoren;
AVZ14497;AV-Ausleihe;---;Richtmikrophon audio-technica AT835;Mikrophone Film / Broadcast;
AVZ14498;AV-Ausleihe;---;Richtmikrophon audio-technica AT877;Mikrophone Film / Broadcast;
AVZ13099;AV-Ausleihe;1;RIG Pag-Orbitor;Stative andere;Traghilfen / Schutzhüllen Video
AVZ16718;AV-Ausleihe;keine;Rückprojektionsfolie zu Leinwand  Ultimate PortaScreen 229x305cm;Leinwand;
AVZ15617;AV-Ausleihe;Keine;Scheinwerfer Spotlight Area 05  500/650W;Bühnenlicht;
AVZ15618;AV-Ausleihe;Keine;Scheinwerfer Spotlight Area 05  500/650W;Bühnenlicht
AVZ15619;AV-Ausleihe;Keine;Scheinwerfer Spotlight Area 05  500/650W;Bühnenlicht
AVZ15620;AV-Ausleihe;Keine;Scheinwerfer Spotlight Area 05  500/650W;Bühnenlicht
AVZ15613;AV-Ausleihe;Keine;Scheinwerfer Spotlight miniFresnel 300W;Bühnenlicht
AVZ15614;AV-Ausleihe;Keine;Scheinwerfer Spotlight miniFresnel 300W;Bühnenlicht
AVZ15615;AV-Ausleihe;Keine;Scheinwerfer Spotlight miniFresnel 300W;Bühnenlicht
AVZ15616;AV-Ausleihe;Keine;Scheinwerfer Spotlight miniFresnel 300W;Bühnenlicht
AVZ20697;AV-Ausleihe;keine;Scheinwerfer-Clamp Manfrotto Baby Pipe Clamp C210;Befestigung, Grip, Clamps
AVZ20698;AV-Ausleihe;keine;Scheinwerfer-Clamp Manfrotto Baby Pipe Clamp C210;Befestigung, Grip, Clamps
AVZ20699;AV-Ausleihe;keine;Scheinwerfer-Clamp Manfrotto Baby Pipe Clamp C210;Befestigung, Grip, Clamps
AVZ20700;AV-Ausleihe;keine;Scheinwerfer-Clamp Manfrotto Baby Pipe Clamp C210;Befestigung, Grip, Clamps
AVZ20701;AV-Ausleihe;keine;Scheinwerfer-Clamp Manfrotto Baby Pipe Clamp C210;Befestigung, Grip, Clamps
AVZ20702;AV-Ausleihe;Keine;Scheinwerfer-Clamp Manfrotto Universal-Klemme MA 043;Befestigung, Grip, Clamps
AVZ20703;AV-Ausleihe;Keine;Scheinwerfer-Clamp Manfrotto Universal-Klemme MA 043;Befestigung, Grip, Clamps
AVZ20704;AV-Ausleihe;Keine;Scheinwerfer-Clamp Manfrotto Universal-Klemme MA 043;Befestigung, Grip, Clamps
AVZ20705;AV-Ausleihe;Keine;Scheinwerfer-Clamp Manfrotto Universal-Klemme MA 043;Befestigung, Grip, Clamps
AVZ20706;AV-Ausleihe;Keine;Scheinwerfer-Clamp Manfrotto Universal-Klemme MA 043;Befestigung, Grip, Clamps
AVZ20707;AV-Ausleihe;keine;Scheinwerfer-Clamp Manfrotto Universal-Klemme MA 175;Befestigung, Grip, Clamps
AVZ20708;AV-Ausleihe;Keine;Scheinwerfer-Clamp Manfrotto Universal-Klemme MA 175;Befestigung, Grip, Clamps
AVZ20709;AV-Ausleihe;Keine;Scheinwerfer-Clamp Manfrotto Universal-Klemme MA 175;Befestigung, Grip, Clamps
AVZ20710;AV-Ausleihe;Keine;Scheinwerfer-Clamp Manfrotto Universal-Klemme MA 175;Befestigung, Grip, Clamps
AVZ20711;AV-Ausleihe;Keine;Scheinwerfer-Clamp Manfrotto Universal-Klemme MA 175;Befestigung, Grip, Clamps
AVZ20272;AV-Ausleihe;keine;Sharp Standard Zoom AN-LV40EZ;Beamerzubehör
AVZ20514;AV-Ausleihe;keine;Sharp Standard Zoom AN-LV40EZ;Beamerzubehör
AVZ20273;AV-Ausleihe;keine;Sharp Weitwinkel Zoom AN-LV26EZ;Beamerzubehör
AVZ20817;AV-Ausleihe;0;Stativ Licht NoName 250cm;Stative Licht
AVZ16096;AV-Ausleihe;C0647698;Stativ Manfrotto 055XB;Stative Photo
AVZ16097;AV-Ausleihe;C0639524;Stativ Manfrotto 055XB;Stative Photo
AVZ16098;AV-Ausleihe;C0653460;Stativ Manfrotto 055XB;Stative Photo
AVZ16094;AV-Ausleihe;C0639521;Stativ Manfrotto 055XPRO;Stative Photo
AVZ16095;AV-Ausleihe;C0639522;Stativ Manfrotto 055XPRO;Stative Photo
AVZ20774;AV-Ausleihe;C1161079;Stativ Manfrotto 055XPRO mit MN410;Stative Photo
AVZ20695;AV-Ausleihe;C1098817;Stativ Manfrotto 055XPROB/488RC2;Stative Photo
AVZ20696;AV-Ausleihe;C1100115;Stativ Manfrotto 055XPROB/488RC2;Stative Photo
AVZ20691;AV-Ausleihe;C1100092;Stativ Manfrotto 055XPROB/488RC2;Stative Photo
AVZ20772;AV-Ausleihe;C1104592;Stativ Manfrotto 190XPROB mit 488RC2;Stative Photo
AVZ20773;AV-Ausleihe;keine;Stativ Manfrotto 190XPROB mit 700RC2;Stative Video
AVZ11661;AV-Ausleihe;500MVB/HB12;Stativ Manfrotto 510;Stative Video
AVZ15621;AV-Ausleihe;Keine;Stativ Manfrotto A115B Licht;Stative Licht
AVZ15622;AV-Ausleihe;Keine;Stativ Manfrotto A115B Licht;Stative Licht
AVZ15623;AV-Ausleihe;Keine;Stativ Manfrotto A115B Licht;Stative Licht
AVZ15624;AV-Ausleihe;Keine;Stativ Manfrotto A115B Licht;Stative Licht
AVZ13456;AV-Ausleihe;A0476622;Stativ Manfrotto MN 701RC2/745BK;Stative Video
AVZ13457;AV-Ausleihe;A0476619;Stativ Manfrotto MN 701RC2/745BK;Stative Video
AVZ15216;AV-Ausleihe;A0612986;Stativ Manfrotto MN 701RC2/745BK;Stative Video
AVZ15217;AV-Ausleihe;A0612987;Stativ Manfrotto MN 701RC2/745BK;Stative Video
AVZ15218;AV-Ausleihe;A0613093;Stativ Manfrotto MN 701RC2/745BK;Stative Video
AVZ15219;AV-Ausleihe;A0162996;Stativ Manfrotto MN 701RC2/745BK;Stative Video
AVZ15220;AV-Ausleihe;A0612988;Stativ Manfrotto MN 701RC2/745BK;Stative Video
AVZ15221;AV-Ausleihe;A0613094;Stativ Manfrotto MN 701RC2/745BK;Stative Video
AVZ13382;AV-Ausleihe;A0425275;Stativ Manfrotto MN 701RC2/755BK;Stative Video
AVZ13383;AV-Ausleihe;A0425457;Stativ Manfrotto MN 701RC2/755BK;Stative Video
AVZ13385;AV-Ausleihe;A0338730;Stativ Manfrotto MN 701RC2/755BK;Stative Video
AVZ13386;AV-Ausleihe;A0338724;Stativ Manfrotto MN 701RC2/755BK;Stative Video
AVZ13387;AV-Ausleihe;A0338888;Stativ Manfrotto MN 701RC2/755BK;Stative Video
AVZ16213;AV-Ausleihe;keine;Stativ Manfrotto Slide Leg Century A256SB;Stative Licht
AVZ16214;AV-Ausleihe;keine;Stativ Manfrotto Slide Leg Century A256SB;Stative Licht
AVZ12434;AV-Ausleihe;101848;Stativ Sachtler System 10;Stative Video
AVZ15885;AV-Ausleihe;202953;Stativ Sachtler Video 20 inkl. Bodenspinne;Stative Video
AVZ12435;AV-Ausleihe;97091;Stativ Schweizer CH-75;Stative Video
AVZ12433;AV-Ausleihe;8900;Stativ Velbon PH 268/PX 781;Stative Video
AVZ12943;AV-Ausleihe;8900;Stativ Velbon PH 268/PX 781;Stative Video
AVZ12944;AV-Ausleihe;8510;Stativ Velbon PH 268/PX 781;Stative Video
AVZ12377;AV-Ausleihe;--;Stativ Velbon PH258/DS-48;Stative Video
AVZ12431;AV-Ausleihe;--;Stativ Velbon TH650 Admiral;Stative Video;
AVZ12432;AV-Ausleihe;--;Stativ Velbon TH650 Admiral;Stative Video;
AVZ12946;AV-Ausleihe;--;Stativ Velbon TH650 Admiral;Stative Video;
AVZ12947;AV-Ausleihe;--;Stativ Velbon TH650 Admiral;Stative Video;
AVZ14720;AV-Ausleihe;---;Stativ Velbon TH650 Admiral;Stative Video;
AVZ20687;AV-Ausleihe;C1027132;Stativ Video Manfrotto 745XB inkl. Videoneiger 701HDV ;Stative Video;
AVZ20688;AV-Ausleihe;C1027131;Stativ Video Manfrotto 745XB inkl. Videoneiger 701HDV ;Stative Video;
AVZ20689;AV-Ausleihe;C1027072;Stativ Video Manfrotto 745XB inkl. Videoneiger 701HDV ;Stative Video;
AVZ20690;AV-Ausleihe;C1105502;Stativ Video Manfrotto 755XB inkl. Videoneiger 701HDV ;Stative Video;
AVZ15931;AV-Ausleihe;keine;Stativ zu Anchor Explorer PA-2500 2.5m;Stative andere;Lautsprecheranlagen einfach
AVZ15932;AV-Ausleihe;keine;Stativ zu Anchor Explorer PA-2500 2.5m;Stative andere;Lautsprecheranlagen einfach
AVZ15929;AV-Ausleihe;keine;Stativ zu Laney CPC10 2.5m;Stative andere;Lautsprecheranlagen einfach
AVZ15930;AV-Ausleihe;keine;Stativ zu Laney CPC10 2m;Stative andere;Lautsprecheranlagen einfach
AVZ15928;AV-Ausleihe;keine;Stativset  Anchor Liberty MPB-4500 2m (2 Stk.);Stative andere;Lautsprecheranlagen einfach
AVZ15829;AV-Ausleihe;keine;Studiokopfhörer Sony MDR-CD780;Kopfhörer Studio;
AVZ15830;AV-Ausleihe;keine;Studiokopfhörer Sony MDR-CD780;Kopfhörer Studio;
AVZ15831;AV-Ausleihe;keine;Studiokopfhörer Sony MDR-CD780;Kopfhörer Studio
AVZ15832;AV-Ausleihe;keine;Studiokopfhörer Sony MDR-CD780;Kopfhörer Studio
AVZ15833;AV-Ausleihe;keine;Studiokopfhörer Sony MDR-CD780;Kopfhörer Studio
AVZ15834;AV-Ausleihe;keine;Studiokopfhörer Sony MDR-CD780;Kopfhörer Studio
AVZ15835;AV-Ausleihe;keine;Studiokopfhörer Sony MDR-CD780;Kopfhörer Studio
AVZ15836;AV-Ausleihe;keine;Studiokopfhörer Sony MDR-CD780;Kopfhörer Studio
AVZ15837;AV-Ausleihe;keine;Studiokopfhörer Sony MDR-CD780;Kopfhörer Studio
AVZ15838;AV-Ausleihe;keine;Studiokopfhörer Sony MDR-CD780;Kopfhörer Studio
AVZ15839;AV-Ausleihe;keine;Studiokopfhörer Sony MDR-CD780;Kopfhörer Studio
AVZ15840;AV-Ausleihe;keine;Studiokopfhörer Sony MDR-CD780;Kopfhörer Studio
AVZ15841;AV-Ausleihe;keine;Studiokopfhörer Sony MDR-CD780;Kopfhörer Studio
AVZ16111;AV-Ausleihe;keine;Studiokopfhörer Sony MDR-CD780;Kopfhörer Studio
AVZ12982;AV-Ausleihe;5129143;Taperecorder Sony TC-WE475;Nichtportable Audio Recorder/Player
AVZ11340;AV-Ausleihe;0205-4455;Touchscreen Intellitouch;Touchscreen
AVZ15525;AV-Ausleihe;6DFP00447;Touchscreen Smartboard SMART DTF-720B/01;Smartboard
AVZ20684;AV-Ausleihe;F08C019305;Touchscreen Tyco Electronics 1938L;Touchscreen
AVZ12831;AV-Ausleihe;LA-8620537;TV-Gerät Panasonic TX-G10/C;Monitor portabel;Monitor Röhre Ausstellung
AVZ12832;AV-Ausleihe;LA-8560325;TV-Gerät Panasonic TX-G10/C;Monitor portabel;Monitor Röhre Ausstellung
AVZ12834;AV-Ausleihe;LA-8630632;TV-Gerät Panasonic TX-G10/C;Monitor portabel;Monitor Röhre Ausstellung
AVZ12835;AV-Ausleihe;LA-8630177;TV-Gerät Panasonic TX-G10/C;Monitor portabel;Monitor Röhre Ausstellung
AVZ12836;AV-Ausleihe;LA-8631116;TV-Gerät Panasonic TX-G10/C;Monitor portabel;Monitor Röhre Ausstellung
AVZ13391;AV-Ausleihe;LA-8541795;TV-Gerät Panasonic TX-G10/C;Monitor portabel;Monitor Röhre Ausstellung
AVZ20855;AV-Ausleihe;1708;Ueberwachungskamera Autophon FA 74;Kamera Überwachung;
AVZ15933;AV-Ausleihe;94I4000798;UHF-Handmikrophon zu Anchor Liberty TOA WM-270;Lautsprecheranlagen einfach;
AVZ15934;AV-Ausleihe;D5000;UHF-Lavaliermikrophon zu Anchor Liberty TOA WM-370;Lautsprecheranlagen einfach;
AVZ15779;AV-Ausleihe;239006625A;UHF-Microphon MIPRO ACT-707D;Lautsprecheranlagen einfach;
AVZ16959;AV-Ausleihe;keine;Unterwassergehäuse zu Sony-Kamera ( HDR-HC7/9 u.v.a);Kameragehäuse;
AVZ15447;AV-Ausleihe;2103314813;Verstärker Denon AVR-1603 AV Surround Receiver;Verstärker Audio;
AVZ15448;AV-Ausleihe;2073300250;Verstärker Denon AVR-1603 AV Surround Receiver;Verstärker Audio;
AVZ15816;AV-Ausleihe;99-0132;Verstärker MTC MPA 702;Verstärker Audio;
AVZ15817;AV-Ausleihe;99-0131;Verstärker MTC MPA 702;Verstärker Audio;
AVZ12974;AV-Ausleihe;11080155;Verstärker Sansui AU 101;Verstärker Audio;
AVZ12975;AV-Ausleihe;11080326;Verstärker Sansui AU 101;Verstärker Audio
AVZ12976;AV-Ausleihe;11080111;Verstärker Sansui AU 101;Verstärker Audio
AVZ12977;AV-Ausleihe;11080070;Verstärker Sansui AU 101;Verstärker Audio
AVZ12978;AV-Ausleihe;D 00.051800374;Verstärker Sherwood AX-4050R;Verstärker Audio
AVZ12970;AV-Ausleihe;5108260;Verstärker Sony STR-DE375;Verstärker Audio
AVZ12972;AV-Ausleihe;5108270;Verstärker Sony STR-DE375;Verstärker Audio
AVZ13488;AV-Ausleihe;5108252;Verstärker Sony STR-DE375;Verstärker Audio
AVZ12980;AV-Ausleihe;523670;Verstärker Sony TA-AX3;Verstärker Audio
AVZ13487;AV-Ausleihe;525230;Verstärker Sony TA-AX3;Verstärker Audio
AVZ12979;AV-Ausleihe;500668;Verstärker Sony TA-F30;Verstärker Audio
AVZ12960;AV-Ausleihe;EUR005950964;Verstärker TEAC A-R300;Verstärker Audio
AVZ12961;AV-Ausleihe;EUR006009964;Verstärker TEAC A-R300;Verstärker Audio
AVZ12962;AV-Ausleihe;EUR005992964;Verstärker TEAC A-R300;Verstärker Audio
AVZ12963;AV-Ausleihe;EUR006075964;Verstärker TEAC A-R300;Verstärker Audio
AVZ12964;AV-Ausleihe;EUR006021964;Verstärker TEAC A-R300;Verstärker Audio
AVZ12965;AV-Ausleihe;EUR005940964;Verstärker TEAC A-R300;Verstärker Audio
AVZ15861;AV-Ausleihe;Z86B0322ADE0132;VGA-Splitter ATEN VS-92A;Splitter;Video Interface
AVZ15862;AV-Ausleihe;Z86B0322ADE0138;VGA-Splitter ATEN VS-92A;Splitter;Video Interface
AVZ16043;AV-Ausleihe;Z86B0322ADA0139;VGA-Splitter ATEN VS-92A;Splitter;Video Interface
AVZ15991;AV-Ausleihe;KEZ46721;VGA-Verteiler Matrox DualHead2Go;Splitter;Video Interface
AVZ15992;AV-Ausleihe;KEZ76789;VGA-Verteiler Matrox TripleHead2Go;Splitter;Video Interface
AVZ13508;AV-Ausleihe;K6KD01206;VHS Recorder Panasonic NV-HS1000EGC;VHS Player / Recorder;
AVZ12854;AV-Ausleihe;K0KD03494;VHS Recorder Panasonic NV-HS850EG;VHS Player / Recorder;
AVZ13376;AV-Ausleihe;1;Video-Mixer Panasonic WJ-AVE5;Mixer Video;
AVZ13377;AV-Ausleihe;ZL60112;Video-Mixer Roland V-5;Mixer Video;
AVZ528;AV-Ausleihe;S01-2105827;Video-Monitor Sony PVM-14M2E;Monitor Röhre Studio;
AVZ12068;AV-Ausleihe;2105825;Video-Monitor Sony PVM-14M2E;Monitor Röhre Studio;
AVZ12069;AV-Ausleihe;2105824;Video-Monitor Sony PVM-14M2E;Monitor Röhre Studio;
AVZ12071;AV-Ausleihe;2105821;Video-Monitor Sony PVM-14M2E;Monitor Röhre Studio;
AVZ12889;AV-Ausleihe;2101380;Video-Monitor Sony PVM-14M2E;Monitor Röhre Studio;
AVZ13392;AV-Ausleihe;2110883;Video-Monitor Sony PVM-14M2E;Monitor Röhre Studio;
AVZ529;AV-Ausleihe;S01-2103999;Video-Monitor Sony PVM-14M2E;Monitor Röhre Studio;
AVZ530;AV-Ausleihe;S01-2104000;Video-Monitor Sony PVM-14M2E;Monitor Röhre Studio
AVZ531;AV-Ausleihe;S01-2105829;Video-Monitor Sony PVM-14M2E;Monitor Röhre Studio
AVZ532;AV-Ausleihe;S01-2105826;Video-Monitor Sony PVM-14M2E;Monitor Röhre Studio
AVZ15106;AV-Ausleihe;2103994;Video-Monitor Sony PVM-14M2E;Monitor Röhre Studio
AVZ15641;AV-Ausleihe;2100341;Video-Monitor Sony PVM-14M2E;Monitor Röhre Studio
AVZ15642;AV-Ausleihe;2110882;Video-Monitor Sony PVM-14M2E;Monitor Röhre Studio
AVZ15643;AV-Ausleihe;2110884;Video-Monitor Sony PVM-14M2E;Monitor Röhre Studio
AVZ15892;AV-Ausleihe;2002656;Video-Monitor Sony PVM-14M2E;Monitor Röhre Studio
AVZ20911;AV-Ausleihe;2110886;Video-Monitor Sony PVM-14M2E;Monitor Röhre Studio
AVZ15902;AV-Ausleihe;2001369;Video-Monitor Sony PVM-14M4E;Monitor Röhre Studio
AVZ15906;AV-Ausleihe;2013605;Video-Monitor Sony PVM-14M4E;Monitor Röhre Studio
AVZ20912;AV-Ausleihe;2020528;Video-Monitor Sony PVM-14M4E;Monitor Röhre Studio
AVZ12066;AV-Ausleihe;6006724;Video-Monitor Sony PVM-14N5E;Monitor Röhre Ausstellung
AVZ12840;AV-Ausleihe;6020555;Video-Monitor Sony PVM-14N5E;Monitor Röhre Ausstellung
AVZ12841;AV-Ausleihe;6020278;Video-Monitor Sony PVM-14N5E;Monitor Röhre Ausstellung
AVZ12842;AV-Ausleihe;6020898;Video-Monitor Sony PVM-14N5E;Monitor Röhre Ausstellung
AVZ12843;AV-Ausleihe;6020286;Video-Monitor Sony PVM-14N5E;Monitor Röhre Ausstellung
AVZ12844;AV-Ausleihe;6006725;Video-Monitor Sony PVM-14N5E;Monitor Röhre Ausstellung
AVZ12949;AV-Ausleihe;6020571;Video-Monitor Sony PVM-14N5E;Monitor Röhre Ausstellung
AVZ12950;AV-Ausleihe;6006732;Video-Monitor Sony PVM-14N5E;Monitor Röhre Ausstellung
AVZ12837;AV-Ausleihe;6019709;Video-Monitor Sony PVM-14N6E;Monitor Röhre Ausstellung
AVZ12838;AV-Ausleihe;6019716;Video-Monitor Sony PVM-14N6E;Monitor Röhre Ausstellung
AVZ12839;AV-Ausleihe;6019708;Video-Monitor Sony PVM-14N6E;Monitor Röhre Ausstellung
AVZ12951;AV-Ausleihe;6002474;Video-Monitor Sony PVM-20N5E;Monitor Röhre Ausstellung
AVZ12952;AV-Ausleihe;6000733;Video-Monitor Sony PVM-20N5E;Monitor Röhre Ausstellung
AVZ12953;AV-Ausleihe;6000667;Video-Monitor Sony PVM-20N5E;Monitor Röhre Ausstellung
AVZ12954;AV-Ausleihe;6002470;Video-Monitor Sony PVM-20N5E;Monitor Röhre Ausstellung
AVZ12955;AV-Ausleihe;6000528;Video-Monitor Sony PVM-20N5E;Monitor Röhre Ausstellung
AVZ12956;AV-Ausleihe;6000840;Video-Monitor Sony PVM-20N5E;Monitor Röhre Ausstellung
AVZ12957;AV-Ausleihe;6002469;Video-Monitor Sony PVM-20N5E;Monitor Röhre Ausstellung
AVZ12958;AV-Ausleihe;6000680;Video-Monitor Sony PVM-20N5E;Monitor Röhre Ausstellung
AVZ12959;AV-Ausleihe;6002523;Video-Monitor Sony PVM-20N5E;Monitor Röhre Ausstellung
AVZ13791;AV-Ausleihe;6002524;Video-Monitor Sony PVM-20N5E;Monitor Röhre Ausstellung
AVZ13792;AV-Ausleihe;6002471;Video-Monitor Sony PVM-20N5E;Monitor Röhre Ausstellung
AVZ13793;AV-Ausleihe;6002449;Video-Monitor Sony PVM-20N5E;Monitor Röhre Ausstellung
AVZ13794;AV-Ausleihe;6002472;Video-Monitor Sony PVM-20N5E;Monitor Röhre Ausstellung
AVZ13795;AV-Ausleihe;6002522;Video-Monitor Sony PVM-20N5E;Monitor Röhre Ausstellung
AVZ13796;AV-Ausleihe;6002521;Video-Monitor Sony PVM-20N5E;Monitor Röhre Ausstellung
AVZ13797;AV-Ausleihe;6000824;Video-Monitor Sony PVM-20N5E;Monitor Röhre Ausstellung
AVZ11645;AV-Ausleihe;2000052;Video-Monitor Sony PVM-2950;Monitor Röhre Ausstellung
AVZ13102;AV-Ausleihe;2007938;Video-Monitor Sony PVM-2950;Monitor Röhre Ausstellung
AVZ13103;AV-Ausleihe;2007971;Video-Monitor Sony PVM-2950;Monitor Röhre Ausstellung
AVZ13104;AV-Ausleihe;2007991;Video-Monitor Sony PVM-2950;Monitor Röhre Ausstellung
AVZ13105;AV-Ausleihe;2007974;Video-Monitor Sony PVM-2950;Monitor Röhre Ausstellung
AVZ13106;AV-Ausleihe;2003238;Video-Monitor Sony PVM-2950;Monitor Röhre Ausstellung
AVZ13107;AV-Ausleihe;2007973;Video-Monitor Sony PVM-2950;Monitor Röhre Ausstellung
AVZ13108;AV-Ausleihe;2007278;Video-Monitor Sony PVM-2950;Monitor Röhre Ausstellung
AVZ13109;AV-Ausleihe;2002170;Video-Monitor Sony PVM-2950;Monitor Röhre Ausstellung
AVZ13110;AV-Ausleihe;2007972;Video-Monitor Sony PVM-2950;Monitor Röhre Ausstellung
AVZ13111;AV-Ausleihe;2002171;Video-Monitor Sony PVM-2950;Monitor Röhre Ausstellung
AVZ13112;AV-Ausleihe;2003239;Video-Monitor Sony PVM-2950;Monitor Röhre Ausstellung
AVZ13113;AV-Ausleihe;2003218;Video-Monitor Sony PVM-2950;Monitor Röhre Ausstellung
AVZ13114;AV-Ausleihe;2003235;Video-Monitor Sony PVM-2950;Monitor Röhre Ausstellung
AVZ11497;AV-Ausleihe;021777 (Kopf);Video-Stativ Sachtler DA 75;Stative Video